section_id,instructor_name_raw
2025_Spring_81025,"EDWARDS, R."
2025_Spring_68050,"GUNEY, S."
2025_Spring_68180,"DOSHER, B."
2025_Spring_70380,"CHO, J."
2025_Spring_81020,"ROBY, D."
2025_Spring_81110,"MILAM, J."
2025_Spring_88001,"HOLMAN, E."
2025_Spring_02040,"DE SOUZA SANTO, V."
2025_Spring_34070,"HEROLD, J."
2025_Spring_34070,"ZHOU, Y."
2025_Spring_34070,"BAI, J."
2025_Spring_86630,"WANG, S."
2025_Spring_86630,"TALESH, R."
2025_Spring_86660,"WANG, S."
2025_Spring_86660,"TALESH, R."
2025_Spring_67185,"LEVIN FIORELLI, I."
2025_Spring_12020,"RODRIGUEZ, F."
2025_Spring_67195,"BECKMANN, M."
2025_Spring_67403,"SCHUSTER, T."
2025_Spring_36080,"MOSHIRPOUR, M."
2025_Spring_17086,STAFF
2025_Spring_17086,"FU, S."
2025_Spring_17086,"HEYDARI, P."
2025_Spring_17087,"OVEISI, M."
2025_Spring_17087,"HEYDARI, P."
2025_Spring_67450,"SMITH, C."
2025_Spring_54000,"HAGEDORN, J."
2025_Spring_67100,"TESLER, M."
2025_Spring_69400,"KIM, J."
2025_Spring_69400,"LONG, M."
2025_Spring_69460,"ARUM, R."
2025_Spring_69460,"OROZCO, M."
2025_Spring_69460,"BAYSTON, L."
2025_Spring_34120,"ABDU JYOTHI, S."
2025_Spring_34120,"RAMANATHAN, A."
2025_Spring_34120,"TAKBIR, N."
2025_Spring_47501,"SANCHEZ, J."
2025_Spring_47501,"CHENG, C."
2025_Spring_89402,"KRAUSE, D."
2025_Spring_89402,"HOSHI, N."
2025_Spring_54210,"HECKHAUSEN, J."
2025_Spring_70050,"MORGAN, P."
2025_Spring_70220,"KIM, C."
2025_Spring_68120,"LESHINSKAYA, A."
2025_Spring_15410,"COPP, D."
2025_Spring_15410,"RAJKUMAR, V."
2025_Spring_15435,"HYLAND, M."
2025_Spring_15435,"ROUZEGARI, N."
2025_Spring_15435,"GILBERT, E."
2025_Spring_27606,"FROUZESH, S."
2025_Spring_19030,"BROUWER, J."
2025_Spring_19030,"FINLAYSON-PITT, B."
2025_Spring_15566,"HYLAND, M."
2025_Spring_15575,"JIN, W."
2025_Spring_31515,"PICHON-RIVIERE, R."
2025_Spring_33016,"WHITE, M."
2025_Spring_33016,"SCHULTZ, R."
2025_Spring_33171,"LEWIN, K."
2025_Spring_33172,"LEWIN, K."
2025_Spring_33211,"KIKLOWICZ, D."
2025_Spring_33212,"KIKLOWICZ, D."
2025_Spring_34170,"BIC, L."
2025_Spring_34170,"ZHANG, P."
2025_Spring_34170,"PYANKOV, S."
2025_Spring_34190,"RAHMANI, A."
2025_Spring_38104,"HITE, J."
2025_Spring_40352,"EDWARDS, KD."
2025_Spring_40352,"MCTAGUE, J."
2025_Spring_28116,"WALSH, K."
2025_Spring_44220,"KALANTZOPOULOS, P."
2025_Spring_45520,"TSENG, L."
2025_Spring_50070,"COLE, S."
2025_Spring_52230,"GELLER, A."
2025_Spring_52240,"JENNESS, V."
2025_Spring_53430,"PETROS, A."
2025_Spring_53460,"CAPTAN, A."
2025_Spring_54130,"RINEHART, J."
2025_Spring_54160,"WILLIAMS, D."
2025_Spring_70030,"MORGAN, P."
2025_Spring_86620,"RAYGOZA, P."
2025_Spring_86620,"TALESH, R."
2025_Spring_86670,"VILLAGOMEZ CED, B."
2025_Spring_86670,"TALESH, R."
2025_Spring_87592,"WU, H."
2025_Spring_87598,"SCHRINER, S."
2025_Spring_87637,"MARTIN, T."
2025_Spring_87637,"BALERITE, M."
2025_Spring_87637,"MESSOLORAS, I."
2025_Spring_87900,"MARTIN, T."
2025_Spring_87902,"LEW, A."
2025_Spring_87902,STAFF
2025_Spring_87903,"NICHOLAS, D."
2025_Spring_87903,STAFF
2025_Spring_87904,"LEE, S."
2025_Spring_87904,STAFF
2025_Spring_88170,"JUN, A."
2025_Spring_88180,"RODRIGUEZ, V."
2025_Spring_88130,"WHEALON, C."
2025_Spring_88130,"PATEL, N."
2025_Spring_88160,"RIOS, A."
2025_Spring_89005,"ALACHKAR, A."
2025_Spring_89005,"SJOGREN, B."
2025_Spring_89005,"DABBOUS, T."
2025_Spring_89014,"KEMP, J."
2025_Spring_89014,"SPITALE, R."
2025_Spring_89014,"YEH, C."
2025_Spring_89508,"OZAKI, A."
2025_Spring_89508,"CADIZ, C."
2025_Spring_89510,"MARKS, Y."
2025_Spring_89501,"HURLEY, K."
2025_Spring_89502,"KIM, G."
2025_Spring_31310,"JONES, L."
2025_Spring_31310,"ROMO, R."
2025_Spring_24230,"LIU, C."
2025_Spring_38072,"HUANG, L."
2025_Spring_06060,"BREWER, A."
2025_Spring_12327,"REICH, S."
2025_Spring_24817,"MALANDAIN, J."
2025_Spring_18340,"LIU, F."
2025_Spring_18340,"KANG, C."
2025_Spring_47615,"ABAZAJIAN, K."
2025_Spring_60000,"EGAN, J."
2025_Spring_31274,"SANDALSKA, Z."
2025_Spring_31300,"JONES, L."
2025_Spring_31300,"MASSENA, M."
2025_Spring_31325,"JONES, L."
2025_Spring_31325,"O'CONNOR, F."
2025_Spring_60150,"WHITT, S."
2025_Spring_60150,"DELGADO LAUREN, M."
2025_Spring_31352,"TORRES MENDEZ, A."
2025_Spring_31352,"TORRES, J."
2025_Spring_05815,"INLAY, M."
2025_Spring_60204,"FORTUN, M."
2025_Spring_01680,"LEUNG, S."
2025_Spring_89604,"KNOX, E."
2025_Spring_89604,"MCBANE, S."
2025_Spring_33397,"CHIENG, C."
2025_Spring_33400,"BAKER, P."
2025_Spring_67220,"BRUNSTETTER, D."
2025_Spring_24215,"MIMURA, G."
2025_Spring_25400,"SCHEPER, J."
2025_Spring_33346,"KEELER, C."
2025_Spring_52090,"MUNIZ, A."
2025_Spring_52180,"KUBRIN, C."
2025_Spring_54110,"HECKHAUSEN, J."
2025_Spring_42170,"CROOK, E."
2025_Spring_44107,"LEHMAN, R."
2025_Spring_44115,"LEHMAN, R."
2025_Spring_44200,"KALANTZOPOULOS, P."
2025_Spring_17088,"FU, S."
2025_Spring_17088,"HEYDARI, P."
2025_Spring_44260,"YOUSSEFPOUR, H."
2025_Spring_44836,"REYES, M."
2025_Spring_44620,"ZHANG, Z."
2025_Spring_44870,"HUBER, K."
2025_Spring_44867,"HUBER, K."
2025_Spring_44880,"ABRAMOVICH, P."
2025_Spring_44960,"KRUPCHYK, K."
2025_Spring_45010,"IVANISVILI, P."
2025_Spring_54275,"PAPPAS, L."
2025_Spring_45030,"DONALDSON, N."
2025_Spring_02402,"LYNCH, M."
2025_Spring_45190,"DONALDSON, N."
2025_Spring_13301,"TATERI, J."
2025_Spring_13301,"ANDRADE HERRER, C."
2025_Spring_45449,"REYES, M."
2025_Spring_45449,"KAPLAN, N."
2025_Spring_05003,"KADANDALE, P."
2025_Spring_05001,"KADANDALE, P."
2025_Spring_22711,"CHAHINIAN, T."
2025_Spring_47177,"SIWY, Z."
2025_Spring_47177,"ZHAO, L."
2025_Spring_24100,"KRAPP, P."
2025_Spring_13535,"CHESLER, N."
2025_Spring_13535,"ALTIERI CORREA, S."
2025_Spring_13535,"LANTERMAN, M."
2025_Spring_47000,"SIRYAPORN, A."
2025_Spring_47030,"TUCKER, L."
2025_Spring_17780,"KHARGONEKAR, P."
2025_Spring_44590,"HE, C."
2025_Spring_31520,"JONES, L."
2025_Spring_47191,"SIWY, Z."
2025_Spring_47191,"NIELSEN, A."
2025_Spring_47187,"SIWY, Z."
2025_Spring_47187,"LIU, Y."
2025_Spring_39717,"WILK, L."
2025_Spring_39963,"IMERMAN, M."
2025_Spring_48445,"WHITESON, D."
2025_Spring_48565,"KRIVOROTOV, I."
2025_Spring_60260,"TOMAS, A."
2025_Spring_60400,"BOELLSTORFF, T."
2025_Spring_61045,"TESLER, M."
2025_Spring_23370,"SCHULTZ, R."
2025_Spring_62150,"JENKINS, B."
2025_Spring_62250,"ROBBINS, T."
2025_Spring_62280,"JELIAZKOV, I."
2025_Spring_62370,"CHEN, J."
2025_Spring_62370,"VALEHLI, F."
2025_Spring_62385,"JHA, P."
2025_Spring_64040,"PROSPER, M."
2025_Spring_64040,"GENECIRAN, J."
2025_Spring_64070,"CROESE, S."
2025_Spring_64070,"TIEN, D."
2025_Spring_64140,"YOO, K."
2025_Spring_64260,"SERESERES, C."
2025_Spring_64310,"HARRIS, C."
2025_Spring_87638,"MARTIN, T."
2025_Spring_87638,"WALTERS, J."
2025_Spring_87638,"ALEXANDER, J."
2025_Spring_87720,"YULIE, T."
2025_Spring_87850,"SPIGHT, D."
2025_Spring_87860,"SATO, B."
2025_Spring_87860,"CHANG, D."
2025_Spring_87914,"GASSKO, I."
2025_Spring_87914,"ALFARO, S."
2025_Spring_87915,"THORNTON, A."
2025_Spring_87915,"ALFARO, S."
2025_Spring_87916,"SHINDLER, M."
2025_Spring_87916,"ALFARO, S."
2025_Spring_87922,"PANTANO, A."
2025_Spring_87944,"SULLIVAN, K."
2025_Spring_89206,"ALBRECHT, L."
2025_Spring_89206,"DUAN, S."
2025_Spring_89208,"SCHRINER, S."
2025_Spring_89208,"ZHAO, W."
2025_Spring_06764,"LOTFIPOUR, S."
2025_Spring_35890,"WALDRON, E."
2025_Spring_06708,"LA SPADA, A."
2025_Spring_07046,"WU, J."
2025_Spring_06658,"JANG, C."
2025_Spring_64490,"DUNCAN, R."
2025_Spring_13760,"OLABISI, R."
2025_Spring_47063,"COOPER, M."
2025_Spring_47063,"LEVINSTEIN, D."
2025_Spring_47302,"XIA, J."
2025_Spring_47302,"CLYMER, D."
2025_Spring_61166,"PEREZ LOPEZ, J."
2025_Spring_47490,"RITZ, T."
2025_Spring_61310,"GOLDENBERG, B."
2025_Spring_47510,"KIRKBY, D."
2025_Spring_47560,"SIRYAPORN, A."
2025_Spring_40390,"EDWARDS, KD."
2025_Spring_40390,"GOMEZ, H."
2025_Spring_61040,"KIM, C."
2025_Spring_15100,"GASSKO, I."
2025_Spring_15100,"CHEN, B."
2025_Spring_15100,"LAKE, G."
2025_Spring_70270,"SCHLOSSER, S."
2025_Spring_70300,"GARNER, B."
2025_Spring_02350,"HALL, C."
2025_Spring_02350,"GILMOUR, L."
2025_Spring_87650,STAFF
2025_Spring_87650,"GUI, L."
2025_Spring_87650,"FERGUSON, J."
2025_Spring_88020,"OLIVER, J."
2025_Spring_88220,"DAVIS, C."
2025_Spring_42000,"FERGUSON, J."
2025_Spring_03042,"MUNRO, I."
2025_Spring_03042,"CHU, A."
2025_Spring_03066,"HOOKER, M."
2025_Spring_03144,"MUNRO, I."
2025_Spring_87905,STAFF
2025_Spring_87905,"NICHOLAS, A."
2025_Spring_62200,"MCBRIDE, M."
2025_Spring_88010,"HICKS, K."
2025_Spring_02055,"DIEFENDERFER, D."
2025_Spring_70150,"SHIREY, P."
2025_Spring_70100,"SHIREY, P."
2025_Spring_22060,"CHEN, J."
2025_Spring_42145,"DRAKE, H."
2025_Spring_42155,"DRUFFEL, E."
2025_Spring_62210,"SARRAF, G."
2025_Spring_62230,"FRANCO, S."
2025_Spring_81420,"SORKIN, D."
2025_Spring_29331,"LEE, H."
2025_Spring_88112,"LEE, J."
2025_Spring_49210,"GAO, E."
2025_Spring_89024,"SCHRINER, S."
2025_Spring_89024,"ZHAO, W."
2025_Spring_33386,"WAY, J."
2025_Spring_33418,"OKOSHI, A."
2025_Spring_33418,"QUEEN, B."
2025_Spring_60330,"STRAUGHN, I."
2025_Spring_62605,"KOPYLOV, I."
2025_Spring_67020,"BERG, A."
2025_Spring_86530,"VAN GINKEL, S."
2025_Spring_86530,"TALESH, R."
2025_Spring_86600,"RICH, J."
2025_Spring_86600,"TALESH, R."
2025_Spring_89401,"BENAVENTE, C."
2025_Spring_89401,"ALACHKAR, A."
2025_Spring_89401,"WANG, K."
2025_Spring_89403,"ALACHKAR, A."
2025_Spring_89403,"KRAUSE, D."
2025_Spring_89403,"EHLERT, F."
2025_Spring_81010,"FARMER, S."
2025_Spring_87595,"MOSHIRPOUR, M."
2025_Spring_87596,"MINCKLER, D."
2025_Spring_12464,"GUARINO, J."
2025_Spring_36030,"NAVARRO, E."
2025_Spring_42140,"BALDWIN, J."
2025_Spring_67350,"INBAR, D."
2025_Spring_67265,"URIU, R."
2025_Spring_67400,"DUNCAN, R."
2025_Spring_67420,"INBAR, D."
2025_Spring_88127,"PARK, J."
2025_Spring_88240,"BEST, N."
2025_Spring_37430,"QIAN, T."
2025_Spring_03160,"SIMON, E."
2025_Spring_05547,"SULLIVAN, K."
2025_Spring_05547,"HOOD, N."
2025_Spring_05851,"KADANDALE, P."
2025_Spring_03095,"DIETZ, Z."
2025_Spring_03095,"VEENSTRA, J."
2025_Spring_16595,"ELMALAKI, S."
2025_Spring_12180,"GOODRIDGE, S."
2025_Spring_12594,"GUILFOYLE, S."
2025_Spring_12741,"FOPPE, C."
2025_Spring_12741,STAFF
2025_Spring_28111,"MOURAD, G."
2025_Spring_23073,"LONG, M."
2025_Spring_33303,"LERNER, S."
2025_Spring_33304,"HAYS, T."
2025_Spring_33394,"MIXDORF, F."
2025_Spring_33394,"QUEEN, B."
2025_Spring_33421,"BAKER, A."
2025_Spring_33421,"QUEEN, B."
2025_Spring_33422,"CIBULA, P."
2025_Spring_47165,"SIWY, Z."
2025_Spring_47165,"EIZAGUIRRE, F."
2025_Spring_33425,"FAN, D."
2025_Spring_33425,"QUEEN, B."
2025_Spring_47173,"SIWY, Z."
2025_Spring_47173,"EIZAGUIRRE, F."
2025_Spring_47155,"TAFFARD, A."
2025_Spring_34320,"KASK, K."
2025_Spring_53110,"REYES, A."
2025_Spring_70000,"DEWAN, W."
2025_Spring_70000,"LI, J."
2025_Spring_70000,"GARDUNO DE LA, S."
2025_Spring_53200,"MENDEZ, M."
2025_Spring_53442,"HIKICHI, L."
2025_Spring_69020,"CARIAN, E."
2025_Spring_69040,"CARIAN, E."
2025_Spring_69060,"ZOELLER, C."
2025_Spring_69475,"SEEDS, C."
2025_Spring_69505,"HIRONAKA, A."
2025_Spring_70065,"MCCARTY, P."
2025_Spring_71501,"CASTELLANOS, J."
2025_Spring_71501,"DE CIANTIS, A."
2025_Spring_93310,"MERCOLA, D."
2025_Spring_93310,"MCCLELLAND, M."
2025_Spring_02090,"HALL, C."
2025_Spring_26550,"GHANBARPOUR, C."
2025_Spring_06452,"CHAKRAVARTHY, B."
2025_Spring_17781,"SHCHERBAKOV, M."
2025_Spring_18330,"BUSWELL, N."
2025_Spring_18330,"CURRIE, S."
2025_Spring_18330,"SENG, R."
2025_Spring_21040,"ZIAII-BIGDELI, L."
2025_Spring_21170,"WINTHER TAMAKI, B."
2025_Spring_86070,"PINEIRO, E."
2025_Spring_86070,"FRUM, T."
2025_Spring_86070,"GASTELLO, F."
2025_Spring_62305,"CHERNYSHOFF, N."
2025_Spring_62305,"CASTANEDA, M."
2025_Spring_64060,"HARDT, H."
2025_Spring_67240,"TOPPER, K."
2025_Spring_67440,"FINLEY, K."
2025_Spring_68000,"HAGEDORN, J."
2025_Spring_68255,"STEYVERS, M."
2025_Spring_68275,"LEWIS, J."
2025_Spring_68702,"MEDNICK, S."
2025_Spring_69000,"WOSICK, K."
2025_Spring_69000,"BONNER, M."
2025_Spring_69000,"RABACH, K."
2025_Spring_69450,"SCHUSTER, T."
2025_Spring_18250,"REINKENSMEYER, D."
2025_Spring_18250,"CALLAGHAN, C."
2025_Spring_18066,"GEORGIOU, T."
2025_Spring_37130,"BALDI, B."
2025_Spring_40811,"LINK, R."
2025_Spring_40811,"XU, S."
2025_Spring_47140,"BARDOCZI, L."
2025_Spring_47305,"XIA, J."
2025_Spring_47305,"YAN, J."
2025_Spring_05682,"DALEY, M."
2025_Spring_05682,"ONO, S."
2025_Spring_12760,"CHANDRASEKHAR, V."
2025_Spring_15405,"SAPHORES, J."
2025_Spring_15405,"MIQUEL SOLE, L."
2025_Spring_16065,"SOROOSHIAN, S."
2025_Spring_16075,"VRUGT, J."
2025_Spring_25610,"RAFI, M."
2025_Spring_25170,"LANDE, S."
2025_Spring_28922,"NAGAI, A."
2025_Spring_33085,"EASON, L."
2025_Spring_05780,"JHA, N."
2025_Spring_33260,"SPEER, M."
2025_Spring_33262,"STREITFELD, S."
2025_Spring_33231,"MCCLURE, G."
2025_Spring_33245,"FERMIN, J."
2025_Spring_65440,"RIGGS, H."
2025_Spring_33306,"GREENBERG, J."
2025_Spring_33306,"QUEEN, B."
2025_Spring_06030,"CAHILL, L."
2025_Spring_06051,"COHEN-CORY, S."
2025_Spring_06141,"ROSE, M."
2025_Spring_33369,"HISCOCK, V."
2025_Spring_33370,"DUBEY, J."
2025_Spring_06268,"ROSE, M."
2025_Spring_38981,"BASSETT, J."
2025_Spring_64615,"FINLEY, K."
2025_Spring_64615,"D'ANGELO, E."
2025_Spring_64630,"RAMACHANDRAN, V."
2025_Spring_61000,"SANCHEZ LOPEZ, L."
2025_Spring_22075,"LEE, T."
2025_Spring_47665,"DOLLAR, F."
2025_Spring_47665,STAFF
2025_Spring_47655,"ROMHANYI, J."
2025_Spring_65010,"MIS, B."
2025_Spring_70180,"NICOLAS, B."
2025_Spring_70180,"BARICUATRO, M."
2025_Spring_89000,"MOBLEY, D."
2025_Spring_89000,"PLON, L."
2025_Spring_90350,"DIAZ ALONSO, J."
2025_Spring_33034,"THAM, K."
2025_Spring_33034,"SCHULTZ, R."
2025_Spring_33086,"EASON, K."
2025_Spring_38802,"CAMPO, M."
2025_Spring_62430,"TOUKAN, A."
2025_Spring_62320,"GARFINKEL, M."
2025_Spring_62610,"SWANSON, E."
2025_Spring_47071,"COOPER, M."
2025_Spring_47071,"REYNAGA GONZAL, C."
2025_Spring_47183,"SIWY, Z."
2025_Spring_47183,"EIZAGUIRRE, F."
2025_Spring_47306,"XIA, J."
2025_Spring_47306,"TOMAN, M."
2025_Spring_47169,"SIWY, Z."
2025_Spring_47169,"LIU, Y."
2025_Spring_87815,"ARIMOND, J."
2025_Spring_05775,"JHA, N."
2025_Spring_12000,"VU, V."
2025_Spring_28901,"WANG, Y."
2025_Spring_28901,"SILVA FONSECA, M."
2025_Spring_31271,"SANDALSKA, Z."
2025_Spring_25145,"LITTLE, M."
2025_Spring_29820,"PIERSON, P."
2025_Spring_04295,"OMOUMI, H."
2025_Spring_66110,"WEHMEIER, K."
2025_Spring_13960,"KHERADVAR, A."
2025_Spring_15245,"DANG, Q."
2025_Spring_41202,"HOLTON, A."
2025_Spring_17887,"MEHRNIA, A."
2025_Spring_17960,"RANGEL, R."
2025_Spring_17960,"SEO, J."
2025_Spring_17960,"LIU, D."
2025_Spring_18050,"LIEBECK, R."
2025_Spring_18050,"HUYNH, J."
2025_Spring_66170,"ROSS, L."
2025_Spring_67190,"TESLER, M."
2025_Spring_12070,"CHIAVERINI, J."
2025_Spring_12090,"OVIATT, J."
2025_Spring_44875,"SMITH, L."
2025_Spring_20022,"QURESHI, A."
2025_Spring_44894,"KALANTZOPOULOS, P."
2025_Spring_44000,"ZHANG, Y."
2025_Spring_44740,"YOUSSEFPOUR, H."
2025_Spring_41821,"DONG, V."
2025_Spring_62050,"CHERNYSHOFF, N."
2025_Spring_62050,"FITZPATRICK, M."
2025_Spring_19415,"HE, K."
2025_Spring_19415,STAFF
2025_Spring_62030,"SHIREY, P."
2025_Spring_39361,"BATRA, R."
2025_Spring_44100,"SIMONSON, D."
2025_Spring_44300,"DU, H."
2025_Spring_87917,"MOSHIRPOUR, M."
2025_Spring_87917,"ALFARO, S."
2025_Spring_87948,"GRIFFIN, M."
2025_Spring_87948,"MANG, S."
2025_Spring_67425,"NWAKANMA, P."
2025_Spring_68480,"BREWER, A."
2025_Spring_41533,"BROUWER, J."
2025_Spring_41533,"FINLAYSON-PITT, B."
2025_Spring_41533,"NIZKORODOV, S."
2025_Spring_54445,"RINEHART, J."
2025_Spring_09361,"BUTTERMORE, L."
2025_Spring_23016,"SILVA FONSECA, M."
2025_Spring_53000,"KIM, H."
2025_Spring_60193,"SOJOYNER, D."
2025_Spring_34360,"GAGO MASAGUE, S."
2025_Spring_34360,"KY, R."
2025_Spring_34360,"PRIYADARSHINI, A."
2025_Spring_23512,"SILVER, V."
2025_Spring_52026,"FLORES, Y."
2025_Spring_40784,"LINK, R."
2025_Spring_40784,"WANG, M."
2025_Spring_40785,"LINK, R."
2025_Spring_40785,"KAPP, A."
2025_Spring_52060,"RODRIGUEZ, N."
2025_Spring_40807,"LINK, R."
2025_Spring_40807,"YOUNG, B."
2025_Spring_54030,"BERG, B."
2025_Spring_65450,"TRAN, T."
2025_Spring_66160,"STANFORD, P."
2025_Spring_34020,"FOWLKES, C."
2025_Spring_34020,"XIN, J."
2025_Spring_34020,"XIA, Z."
2025_Spring_70325,"VALDEZ, A."
2025_Spring_70360,"DEWAN, W."
2025_Spring_81018,"SPARKS, N."
2025_Spring_81040,"TIMBERLAKE, D."
2025_Spring_52010,"LAVENANT, C."
2025_Spring_52022,"CURRIE, E."
2025_Spring_52024,"LAVENANT, C."
2025_Spring_81410,"LIPTON, B."
2025_Spring_81445,"LINCOLN, K."
2025_Spring_89503,"WANG, K."
2025_Spring_89400,"CIVELLI, O."
2025_Spring_89400,"HANESSIAN, S."
2025_Spring_89400,"ALACHKAR, A."
2025_Spring_89500,"LEE, J."
2025_Spring_23002,"CHOI, C."
2025_Spring_89514,"GRIFFIN, S."
2025_Spring_89600,"KNOX, E."
2025_Spring_89600,"MCBANE, S."
2025_Spring_23080,"HUANG, M."
2025_Spring_23160,"SUH, S."
2025_Spring_03044,"MUNRO, I."
2025_Spring_03044,"HE, T."
2025_Spring_03138,"PARISE, E."
2025_Spring_62100,"AGGARWAL, N."
2025_Spring_81220,"GIDEONSE, T."
2025_Spring_62170,"JENKINS, B."
2025_Spring_05230,"TINOCO, R."
2025_Spring_05230,"HALBROOK, C."
2025_Spring_62360,"AOUAD, M."
2025_Spring_12231,"GATLIN NASH, B."
2025_Spring_12250,"DOWELL, N."
2025_Spring_12460,"SEKIJIMA, M."
2025_Spring_68222,"UZOIGWE, T."
2025_Spring_68222,"TORABIAN ESFAH, S."
2025_Spring_12736,"HRUBY, J."
2025_Spring_37910,"LOPES, C."
2025_Spring_37910,"MA, I."
2025_Spring_37910,"HOSSAIN, M."
2025_Spring_52170,"PAPPAS, L."
2025_Spring_52220,"HAN, S."
2025_Spring_61020,"GUTIERREZ, J."
2025_Spring_88030,"GUO, Y."
2025_Spring_40402,"EDWARDS, KD."
2025_Spring_40402,"FRAINEY, N."
2025_Spring_14608,"WU, L."
2025_Spring_12043,"VU, V."
2025_Spring_12043,"LIU, P."
2025_Spring_54435,"SCURICH, N."
2025_Spring_54440,"CHARLES, S."
2025_Spring_54485,"TURNER, S."
2025_Spring_35600,"DOURISH, J."
2025_Spring_35600,"KLOECKNER, A."
2025_Spring_42075,"YU, J."
2025_Spring_64290,"PAINTER, F."
2025_Spring_87630,"MARTIN, T."
2025_Spring_87630,"DENNE, O."
2025_Spring_87630,"DAVIS, R."
2025_Spring_67430,"NWAKANMA, P."
2025_Spring_81095,"TANJASIRI, S."
2025_Spring_47075,"COOPER, M."
2025_Spring_47075,"REYNAGA GONZAL, C."
2025_Spring_15460,"RITCHIE, S."
2025_Spring_15460,"ZHAO, L."
2025_Spring_28904,"SITHIAMNUAI, E."
2025_Spring_45536,"BARANOVSKY, V."
2025_Spring_47073,"COOPER, M."
2025_Spring_47073,"REYNAGA GONZAL, C."
2025_Spring_47077,"COOPER, M."
2025_Spring_47077,"LEVINSTEIN, D."
2025_Spring_65000,"MIS, B."
2025_Spring_13555,"HAUN, J."
2025_Spring_13555,"FOUST, S."
2025_Spring_66130,"HUTTEGGER, S."
2025_Spring_67060,"HARDT, H."
2025_Spring_38396,"MURPHY, K."
2025_Spring_38397,"CAMPO, M."
2025_Spring_67835,"KAMINSKI, M."
2025_Spring_38241,"MURPHY, K."
2025_Spring_02203,"SHARP, K."
2025_Spring_54070,"DITTO, P."
2025_Spring_54120,"KUHLMAN, K."
2025_Spring_53170,"MENDEZ, M."
2025_Spring_62000,"JORDAN, S."
2025_Spring_64090,"NAPUTI, T."
2025_Spring_61160,"MENDEZ, M."
2025_Spring_70020,"WEATHERALL, J."
2025_Spring_70020,"O'CONNOR, C."
2025_Spring_70170,"CROESE, S."
2025_Spring_70170,"TIEN, D."
2025_Spring_64635,"AMIRKHIZI, M."
2025_Spring_64410,"PETROVIC, B."
2025_Spring_47065,"COOPER, M."
2025_Spring_47065,"KYRIAZI, E."
2025_Spring_47296,"XIA, J."
2025_Spring_47296,"TOMAN, M."
2025_Spring_61080,"VEGA, I."
2025_Spring_61080,"SADRI, H."
2025_Spring_61080,"CASTORENA, A."
2025_Spring_89209,"TRADER, D."
2025_Spring_89209,"SJOGREN, B."
2025_Spring_89209,"ALBRECHT, L."
2025_Spring_87636,"MARTIN, T."
2025_Spring_87636,"ALDANA, D."
2025_Spring_87636,"GOLOB, B."
2025_Spring_87690,"NEMETH, S."
2025_Spring_33460,"LATIOLAIS, P."
2025_Spring_05546,"SULLIVAN, K."
2025_Spring_05546,"MERLINO, L."
2025_Spring_40826,"LINK, R."
2025_Spring_40826,"PODGURSKI, M."
2025_Spring_41510,"BOROVIK, A."
2025_Spring_70363,"ESPINOZA, C."
2025_Spring_70363,"ROBLES, J."
2025_Spring_70363,"WEYMOUTH-LITTL, K."
2025_Spring_68110,"HAGEDORN, J."
2025_Spring_15485,"MOSALLAM, A."
2025_Spring_15485,"ALMEGREN, F."
2025_Spring_15485,"AL-LHEEDAN, F."
2025_Spring_67475,"DANDAMUDI, K."
2025_Spring_67010,"BERG, A."
2025_Spring_67094,"KIM, C."
2025_Spring_35200,"SCHERSON, I."
2025_Spring_92720,"MCCLELLAND, M."
2025_Spring_68280,"MEDNICK, S."
2025_Spring_70330,"VALDEZ, A."
2025_Spring_68030,"BERG, B."
2025_Spring_40325,"EDWARDS, KD."
2025_Spring_40325,"MILHANDER, M."
2025_Spring_38042,"LUNAWAT, R."
2025_Spring_34250,"SHINDLER, M."
2025_Spring_34250,"YAN, J."
2025_Spring_34250,"GROEN, C."
2025_Spring_50185,"HAN, S."
2025_Spring_52160,"DAVIS, F."
2025_Spring_64080,"NICOLAS, B."
2025_Spring_64080,"BARICUATRO, M."
2025_Spring_64150,"MCCARTY, P."
2025_Spring_42150,"ZENDER, C."
2025_Spring_52193,"ROMERO, M."
2025_Spring_53300,"KIM, J."
2025_Spring_41889,"VANDERWAL, C."
2025_Spring_47067,"COOPER, M."
2025_Spring_47067,"KYRIAZI, E."
2025_Spring_87599,"VEENSTRA, J."
2025_Spring_87631,"MARTIN, T."
2025_Spring_87631,"CAO, E."
2025_Spring_87631,"BOELLSTORFF, T."
2025_Spring_88005,"PARK, J."
2025_Spring_67140,"SMITH, C."
2025_Spring_62460,"BOGART, D."
2025_Spring_62460,"TRACHT, D."
2025_Spring_06620,"HEYMING, T."
2025_Spring_40315,"EDWARDS, KD."
2025_Spring_40315,"RICHTER, B."
2025_Spring_06860,"NICHOLAS, D."
2025_Spring_06888,"PHIELIPP, N."
2025_Spring_62400,"KAMINSKI, M."
2025_Spring_67072,"PROSPER, M."
2025_Spring_67072,"GENECIRAN, J."
2025_Spring_87647,"MARTIN, T."
2025_Spring_87647,"GAYLARD, A."
2025_Spring_26620,"LEE, J."
2025_Spring_44840,"WHITE, F."
2025_Spring_45539,"ASCHER, K."
2025_Spring_54475,"REITER, K."
2025_Spring_54480,"MARTIN, E."
2025_Spring_69350,"PLACEK, K."
2025_Spring_69420,"LERCH, J."
2025_Spring_54190,"MARTIN, E."
2025_Spring_81425,"UBAN, K."
2025_Spring_42085,"PRIMEAU, F."
2025_Spring_69565,"KIM, J."
2025_Spring_69565,"DOBYNS, A."
2025_Spring_70375,"QUINTANA, I."
2025_Spring_24250,"DAULATZAI, S."
2025_Spring_23071,"MEZUR, K."
2025_Spring_33437,"WEINBERG, D."
2025_Spring_33700,"PIERSON, P."
2025_Spring_27800,"BROADBENT, P."
2025_Spring_27800,"ALEXANDER, J."
2025_Spring_27707,"STEWART, R."
2025_Spring_27803,"CONNELL, C."
2025_Spring_12150,"GOLDENBERG, B."
2025_Spring_12170,"CERRAHOGLU, V."
2025_Spring_40821,"LINK, R."
2025_Spring_40821,"SOUTHWELL, C."
2025_Spring_28125,"CONNELL, C."
2025_Spring_88022,"BURKE, S."
2025_Spring_16526,"CHAKOMA, S."
2025_Spring_16526,"BAGHERKHANI, S."
2025_Spring_16526,"KAVIANPOUR, A."
2025_Spring_17100,"GREEN, M."
2025_Spring_05685,"MOONEY, K."
2025_Spring_05685,"COKEL, N."
2025_Spring_05685,"VILLABONA, N."
2025_Spring_05720,"COCCO, M."
2025_Spring_05720,"GERSHON, P."
2025_Spring_05750,"JHA, N."
2025_Spring_30300,"O'CONNELL, R."
2025_Spring_86040,"BOONE, A."
2025_Spring_86040,"GROOM, C."
2025_Spring_86040,"GASTELLO, F."
2025_Spring_03146,"RODMAN, T."
2025_Spring_06394,"BENMOHAMED, L."
2025_Spring_06131,"KIMBALL, S."
2025_Spring_06131,"LONG, J."
2025_Spring_06398,"BILLIMEK, J."
2025_Spring_12740,"FOPPE, C."
2025_Spring_12740,STAFF
2025_Spring_05518,"TRESEDER, K."
2025_Spring_05518,"CHORENO PARRA, E."
2025_Spring_05542,"SULLIVAN, K."
2025_Spring_05542,"PROCTER, N."
2025_Spring_10573,"WALSH, C."
2025_Spring_15420,"JAYAKRISHNAN, R."
2025_Spring_15420,"KAFASHAN, S."
2025_Spring_15420,STAFF
2025_Spring_16570,"KURDAHI, F."
2025_Spring_23505,"OCONNOR, L."
2025_Spring_13270,"BACH, S."
2025_Spring_17360,"SAKR, Y."
2025_Spring_17455,"CAPOLINO, F."
2025_Spring_16605,"AYANOGLU, E."
2025_Spring_17237,"LI, G."
2025_Spring_19432,"APELIAN, D."
2025_Spring_17080,"HEYDARI, P."
2025_Spring_17460,"TSENG, P."
2025_Spring_20027,"VIMUTTINAN, C."
2025_Spring_30320,"KOSLOW, A."
2025_Spring_20133,"NAM, V."
2025_Spring_30550,"HUTTEGGER, S."
2025_Spring_31330,"JONES, L."
2025_Spring_31330,"RIVERA DIAZ, M."
2025_Spring_47229,"RITZ, T."
2025_Spring_47229,"EVANS, A."
2025_Spring_33223,"LIGUNAS, J."
2025_Spring_28102,"BUHANAN, K."
2025_Spring_01290,"ANASTAS, R."
2025_Spring_89504,"KEMP, J."
2025_Spring_03157,"BRESTOFF, R."
2025_Spring_35400,"ROBERTS, S."
2025_Spring_35400,"BRYAN, J."
2025_Spring_88230,"PHILLIPS, S."
2025_Spring_88230,"CAMPBELL, S."
2025_Spring_67470,"LEVINE, D."
2025_Spring_47181,"SIWY, Z."
2025_Spring_47181,"EIZAGUIRRE, F."
2025_Spring_62295,"DUFFY, J."
2025_Spring_87603,"PARKS, S."
2025_Spring_87603,"DENNIN, M."
2025_Spring_89026,"SCHRINER, S."
2025_Spring_89026,"CHAN, C."
2025_Spring_80390,"BONDY, S."
2025_Spring_80390,"WU, J."
2025_Spring_62470,"JHA, P."
2025_Spring_54155,"SILKE, O."
2025_Spring_80600,"FAN, W."
2025_Spring_22022,"HSIEH, R."
2025_Spring_70400,"VIGIL, V."
2025_Spring_15450,"MCNALLY, M."
2025_Spring_15450,"CASEBOLT, B."
2025_Spring_15450,STAFF
2025_Spring_14515,"MOHRAZ, A."
2025_Spring_14515,"ZHUANG, C."
2025_Spring_33433,"HAAS, L."
2025_Spring_26580,"BRANSCOME, D."
2025_Spring_64000,"MCCARTY, P."
2025_Spring_61790,"BREWER, A."
2025_Spring_47163,"SIWY, Z."
2025_Spring_47163,"NI, D."
2025_Spring_44845,"WHITE, F."
2025_Spring_47061,"COOPER, M."
2025_Spring_29316,"LEE, Y."
2025_Spring_22080,"PETERSEN, Y."
2025_Spring_28126,"MORSE, S."
2025_Spring_40790,"LINK, R."
2025_Spring_40790,"TANG, D."
2025_Spring_01014,"GLYNN, L."
2025_Spring_01014,"DONAHEY, K."
2025_Spring_01014,"EPHROS, K."
2025_Spring_05788,"JHA, N."
2025_Spring_06086,"METHERATE, R."
2025_Spring_06087,"LOUDON, C."
2025_Spring_05152,"LEW, A."
2025_Spring_05152,"SCHECHTMAN, E."
2025_Spring_12005,"XU, D."
2025_Spring_06390,"BEIER, K."
2025_Spring_13823,"LIU, W."
2025_Spring_18379,"DENG, S."
2025_Spring_18379,"WANG, X."
2025_Spring_70190,"EASWARAN, K."
2025_Spring_15002,"ZENYUK, I."
2025_Spring_19383,"KULINSKY, L."
2025_Spring_19405,"COPP, S."
2025_Spring_19405,STAFF
2025_Spring_24190,"CANE, E."
2025_Spring_17871,"GULSEN, G."
2025_Spring_18262,"LEE, J."
2025_Spring_18262,"SHAIKH, Z."
2025_Spring_33376,"PRICE, D."
2025_Spring_26700,"MCLOUGHLIN, N."
2025_Spring_89515,"MARKS, Y."
2025_Spring_27603,"BERGHOF, O."
2025_Spring_27705,"HALEY, B."
2025_Spring_28122,"HERRMANN, A."
2025_Spring_28124,"CASTILLO, L."
2025_Spring_28425,"WASSERSTROM, J."
2025_Spring_28180,"ZAYED, O."
2025_Spring_36190,"MIN, A."
2025_Spring_36190,"JEONG, S."
2025_Spring_26860,"MCKENNA, J."
2025_Spring_27600,"FAN, C."
2025_Spring_27600,"ALEXANDER, J."
2025_Spring_38175,"HUANG, L."
2025_Spring_38442,"HITE, J."
2025_Spring_38653,"SHENG, J."
2025_Spring_29935,"HAYASAKI, E."
2025_Spring_38829,"JAEGERS, E."
2025_Spring_30663,"PEDERNESCHI, A."
2025_Spring_39870,"CHRISTIDIS, E."
2025_Spring_39874,"MURPHY, K."
2025_Spring_39874,"RANDRUP, N."
2025_Spring_39874,"ABHISHEK, V."
2025_Spring_39954,"IMERMAN, M."
2025_Spring_31510,"LEGRAS, H."
2025_Spring_39302,"EPPEL, T."
2025_Spring_40000,"ARGUILLA, M."
2025_Spring_31500,"MAHIEUX, V."
2025_Spring_01038,"ANASTAS, R."
2025_Spring_01038,"LENC, J."
2025_Spring_33427,"WANG, T."
2025_Spring_33427,"QUEEN, B."
2025_Spring_02392,"REED, C."
2025_Spring_02399,"LYNCH, M."
2025_Spring_33435,"SEWARD, S."
2025_Spring_40980,"GUAN, Z."
2025_Spring_03032,"LOUI, A."
2025_Spring_02830,"CARTAGENA, A."
2025_Spring_41063,"MARTIN, R."
2025_Spring_03142,"RODMAN, T."
2025_Spring_03148,"PARK, M."
2025_Spring_03180,"DIETZ, Z."
2025_Spring_03235,"DELANEY, M."
2025_Spring_05002,"KADANDALE, P."
2025_Spring_05050,"MOONEY, K."
2025_Spring_34330,"KASK, K."
2025_Spring_05110,"HUGHES, B."
2025_Spring_05110,"HARCOURT, R."
2025_Spring_05160,"GROSS, S."
2025_Spring_12010,"HANSEN, J."
2025_Spring_18056,"TAHA, H."
2025_Spring_21030,"OSORIO G. SILV, L."
2025_Spring_50574,"NICHOLLS, W."
2025_Spring_21600,"SHROFF, B."
2025_Spring_22028,"HSIEH, R."
2025_Spring_22446,"CERETI, C."
2025_Spring_23460,"STREITFELD, S."
2025_Spring_23844,"MONTERO ROMAN, V."
2025_Spring_33330,"PATTERSON, L."
2025_Spring_33345,"KEELER, C."
2025_Spring_33347,"KEELER, C."
2025_Spring_33350,"MALONE, A."
2025_Spring_33366,"LEE, J."
2025_Spring_33440,"SHAPERO, N."
2025_Spring_34390,"FARRUKH, H."
2025_Spring_34390,"ALI, M."
2025_Spring_34390,"XU, H."
2025_Spring_34790,"SUDDERTH, E."
2025_Spring_35430,"STEINKUEHLER, C."
2025_Spring_35430,"BARATTA, T."
2025_Spring_35430,"O'LEARY, R."
2025_Spring_35500,"LIAO, A."
2025_Spring_35500,"LIU, L."
2025_Spring_40835,"LINK, R."
2025_Spring_40835,"JACKSON, E."
2025_Spring_40905,"YANG, J."
2025_Spring_40905,"GILLIS, C."
2025_Spring_01254,"HUFFMAN, J."
2025_Spring_40970,"MANG, S."
2025_Spring_12050,"PENA, E."
2025_Spring_12050,"LAM, J."
2025_Spring_40996,"MANG, S."
2025_Spring_12113,"JOHNSTON, J."
2025_Spring_12113,"TRAN, K."
2025_Spring_12135,"GUILFOYLE, S."
2025_Spring_02045,"TERRICCIANO, A."
2025_Spring_02330,"HALL, C."
2025_Spring_02330,"GILMOUR, L."
2025_Spring_12765,"CHANDRASEKHAR, V."
2025_Spring_05510,"HUGHES, B."
2025_Spring_13515,"KING, C."
2025_Spring_13515,"SANGHA, G."
2025_Spring_13515,"PALACIOS, E."
2025_Spring_05770,"JHA, N."
2025_Spring_06011,"LEW, A."
2025_Spring_06011,"MCCLURE, N."
2025_Spring_06065,"FROSTIG, R."
2025_Spring_06151,"GRILL, J."
2025_Spring_06050,"SUMIKAWA, K."
2025_Spring_06055,"HICKOK, G."
2025_Spring_06055,"CHANG, C."
2025_Spring_06055,"WAN, J."
2025_Spring_06582,"GLABE, C."
2025_Spring_36170,"AHMED, N."
2025_Spring_36240,"CHEN, Y."
2025_Spring_36240,"JUNG, K."
2025_Spring_18370,"WANG, X."
2025_Spring_18370,"CHEN, E."
2025_Spring_39942,"GIBSON, M."
2025_Spring_39565,"JOSEPH, J."
2025_Spring_39565,"SHARMA, P."
2025_Spring_39566,"JOSEPH, J."
2025_Spring_18720,"DOLAN, B."
2025_Spring_39567,"JOSEPH, J."
2025_Spring_39567,"SHARMA, P."
2025_Spring_47470,"SHIELDS, A."
2025_Spring_47683,"BUOTE, D."
2025_Spring_47683,"SANDOVAL ASCEN, L."
2025_Spring_23015,"RIGGS, H."
2025_Spring_24170,"EKANAYAKE, A."
2025_Spring_31305,"JONES, L."
2025_Spring_31305,"HERNANDEZ PARE, M."
2025_Spring_53180,"GARDE, A."
2025_Spring_13508,"BRODY, J."
2025_Spring_13508,"AHMADIMEHR, S."
2025_Spring_13508,"FATAPOUR, S."
2025_Spring_33040,"SANDOVAL, J."
2025_Spring_33040,"SCHULTZ, R."
2025_Spring_33081,"SIMS, R."
2025_Spring_33205,"VALLE, C."
2025_Spring_33205,"QUEEN, B."
2025_Spring_15230,"JABBARI, F."
2025_Spring_50484,"MARTIN, E."
2025_Spring_33202,"CAMERON, A."
2025_Spring_33202,"QUEEN, B."
2025_Spring_33203,"SHORT, G."
2025_Spring_54140,"DIETZE, P."
2025_Spring_54175,"MCEWAN, S."
2025_Spring_54200,"ZINGER, J."
2025_Spring_33234,"GAROFANO, G."
2025_Spring_33234,"QUEEN, B."
2025_Spring_15505,"ROSSO, D."
2025_Spring_15505,"AUSTIN, D."
2025_Spring_15505,"AUSTIN, E."
2025_Spring_54320,"QUAS, J."
2025_Spring_33258,"ANDREASEN, M."
2025_Spring_33259,"ANDREASEN, M."
2025_Spring_21130,"ROBEY, E."
2025_Spring_33337,"FUGATE, D."
2025_Spring_33337,"QUEEN, B."
2025_Spring_22300,"GIANNOPOULOU, Z."
2025_Spring_60410,"ZHAN, M."
2025_Spring_60410,"YUAN, F."
2025_Spring_33360,"BOGHOZIAN, S."
2025_Spring_33362,"SALEHI, M."
2025_Spring_33362,"QUEEN, B."
2025_Spring_23078,"LONG, M."
2025_Spring_23078,"JEONG, B."
2025_Spring_23165,"HU, Y."
2025_Spring_37240,"GULESSERIAN, S."
2025_Spring_24185,"DAUCHAN, D."
2025_Spring_24160,"GUTIERREZ, A."
2025_Spring_34340,"AHMED, N."
2025_Spring_34340,STAFF
2025_Spring_34527,"HAYES, W."
2025_Spring_34630,"XIE, X."
2025_Spring_34630,"XIONG, Y."
2025_Spring_36360,"ZIV, H."
2025_Spring_40280,"PAEGEL, B."
2025_Spring_01320,"MIRA, N."
2025_Spring_01320,"ZALEVSKAYA, A."
2025_Spring_01440,"COOLIDGE, M."
2025_Spring_40930,"GE, N."
2025_Spring_06013,"LEW, A."
2025_Spring_06013,"BLACKMAN, J."
2025_Spring_05590,"RODRIGUEZ VERD, A."
2025_Spring_05590,"COKEL, N."
2025_Spring_06070,"NG, C."
2025_Spring_06014,"LEW, A."
2025_Spring_06014,"TU, A."
2025_Spring_67270,"DUNCAN, R."
2025_Spring_13295,"FORESTA, J."
2025_Spring_13295,"LASZIK, N."
2025_Spring_13478,"AHMADKHANLOU, F."
2025_Spring_13478,"MCDONELL, V."
2025_Spring_81075,"FARMER, S."
2025_Spring_06890,"PIOMELLI, D."
2025_Spring_08216,"LEE, S."
2025_Spring_05085,"TRESEDER, K."
2025_Spring_05085,"HACOPIAN, M."
2025_Spring_20007,"RUSSELL, V."
2025_Spring_06968,"STARK, C."
2025_Spring_06992,"THIEL DE BOCAN, H."
2025_Spring_87700,"GOLD, J."
2025_Spring_87700,"DENNIN, M."
2025_Spring_12107,"GOLDENBERG, B."
2025_Spring_12107,"GASTON-PANTHAK, A."
2025_Spring_12107,"GONZALEZ, G."
2025_Spring_12120,"OVIATT, J."
2025_Spring_87855,"PRESSMAN, S."
2025_Spring_87855,"MAGSINO, K."
2025_Spring_88012,"SAN ANDRES, J."
2025_Spring_12147,"SHI, L."
2025_Spring_12147,"LI, H."
2025_Spring_12160,"RODRIGUEZ, F."
2025_Spring_12160,"SENGUPTA, P."
2025_Spring_12160,"VARGAS FUENTES, N."
2025_Spring_12085,"GUERRERO ROSAD, P."
2025_Spring_12100,"WIRTH, D."
2025_Spring_12441,"BUSTAMANTE, A."
2025_Spring_12480,"DARAMOLA, E."
2025_Spring_12480,"LOPES, J."
2025_Spring_12485,"XU, D."
2025_Spring_13045,"DA SILVA, N."
2025_Spring_13045,"KING, C."
2025_Spring_13045,"PATEL, U."
2025_Spring_12467,"SHI, L."
2025_Spring_89174,"SCHRINER, S."
2025_Spring_54410,"BOGHOSIAN, B."
2025_Spring_54430,"BORELLI, J."
2025_Spring_60190,"EGAN, J."
2025_Spring_60324,"CARTER, J."
2025_Spring_67125,"BOUSHEY, G."
2025_Spring_87629,"MARTIN, T."
2025_Spring_87629,"SARIAN, R."
2025_Spring_87629,"JOHNSON, V."
2025_Spring_23008,"MEZUR, K."
2025_Spring_64210,"SCHLOSSER, S."
2025_Spring_62070,"MCBRIDE, M."
2025_Spring_62070,"DIAZ AVENDANO, M."
2025_Spring_33363,"TAYLOR, D."
2025_Spring_33363,"QUEEN, B."
2025_Spring_33364,"LEE, J."
2025_Spring_33377,"JIMENEZ SANCHE, O."
2025_Spring_33377,"QUEEN, B."
2025_Spring_33380,"FIXA, J."
2025_Spring_33380,"QUEEN, B."
2025_Spring_33381,"FLORES, B."
2025_Spring_33382,"RAHIMI, Y."
2025_Spring_33339,"SU, Y."
2025_Spring_33339,"QUEEN, B."
2025_Spring_23500,"GRADY, K."
2025_Spring_34750,"EPPSTEIN, D."
2025_Spring_34750,"SHAHKAR, P."
2025_Spring_24815,"AYOUTI, T."
2025_Spring_25645,"RAFI, M."
2025_Spring_35880,"YOUNG, N."
2025_Spring_37220,"ZHOU, W."
2025_Spring_27702,"WALSH, K."
2025_Spring_06822,"MCNULTY, R."
2025_Spring_33371,"DUBEY, J."
2025_Spring_33419,"ATAMDEDE, A."
2025_Spring_12055,"GUILFOYLE, S."
2025_Spring_41543,"FINKELDEI, S."
2025_Spring_41543,"SHAKA, A."
2025_Spring_41545,"EVANS, W."
2025_Spring_12140,"VU, V."
2025_Spring_12145,"GOODRIDGE, S."
2025_Spring_12145,"KONG, S."
2025_Spring_12332,"SIMPKINS, S."
2025_Spring_12285,"BUSTAMANTE, A."
2025_Spring_12285,STAFF
2025_Spring_12461,"GIAKOUMIS, S."
2025_Spring_47299,"XIA, J."
2025_Spring_47299,"CLYMER, D."
2025_Spring_13030,"COPP, D."
2025_Spring_13030,"RAJKUMAR, V."
2025_Spring_15960,"MCNALLY, M."
2025_Spring_15960,"CASEBOLT, B."
2025_Spring_15960,STAFF
2025_Spring_16500,"MONTAZAR, A."
2025_Spring_16500,"AGHASI, H."
2025_Spring_16501,"MAKTOOMI, M."
2025_Spring_16501,"AGHASI, H."
2025_Spring_44715,"XIN, J."
2025_Spring_40311,"EDWARDS, KD."
2025_Spring_40311,"PALACIOS DIAZ, T."
2025_Spring_40322,"EDWARDS, KD."
2025_Spring_40322,"RICHTER, B."
2025_Spring_40323,"EDWARDS, KD."
2025_Spring_40323,"TSAI, J."
2025_Spring_40326,"EDWARDS, KD."
2025_Spring_40326,"MANICKAM, D."
2025_Spring_19027,"CAO, P."
2025_Spring_19027,STAFF
2025_Spring_40343,"EDWARDS, KD."
2025_Spring_40343,"NGUYEN, K."
2025_Spring_40361,"EDWARDS, KD."
2025_Spring_40361,"MANRIQUEZ, E."
2025_Spring_40791,"LINK, R."
2025_Spring_40791,"SOUTHWELL, C."
2025_Spring_45000,"GORODETSKI, A."
2025_Spring_26310,"HERNANDEZ, A."
2025_Spring_50100,"BUI, L."
2025_Spring_50100,"GASVIANI, G."
2025_Spring_50100,"PHIKROHKIT, G."
2025_Spring_50010,"GARRISON, J."
2025_Spring_20978,"MANIAR, R."
2025_Spring_33428,"WOOD, R."
2025_Spring_50030,"ROY, A."
2025_Spring_25155,"LITTLE, M."
2025_Spring_29830,"DEPAUL, A."
2025_Spring_01480,"MAJOLI, M."
2025_Spring_01604,"ROSS-HO, A."
2025_Spring_02310,"DE SOUZA SANTO, V."
2025_Spring_02310,"LYNCH, M."
2025_Spring_02310,"DIEFENDERFER, D."
2025_Spring_02360,"HALL, C."
2025_Spring_02360,"GILMOUR, L."
2025_Spring_02375,"WRAY, S."
2025_Spring_03545,"MAZOR, M."
2025_Spring_29720,"SNYDER, R."
2025_Spring_04380,"MCKEOWN, K."
2025_Spring_04380,"MIRANDA, N."
2025_Spring_01380,"ZANG, Z."
2025_Spring_05673,"KING-HENRY, A."
2025_Spring_05673,"GREENSPAN, Z."
2025_Spring_05732,"KADANDALE, P."
2025_Spring_52130,"GOLOB, B."
2025_Spring_01218,"COOLIDGE, M."
2025_Spring_61010,"CABRERA, J."
2025_Spring_47648,"WHITESON, D."
2025_Spring_37120,"KUCERA, L."
2025_Spring_50200,"SNG, O."
2025_Spring_38382,"VIRGEN JR, R."
2025_Spring_21090,"JUNG, G."
2025_Spring_34350,"IHLER, A."
2025_Spring_34350,"ZAKERI JOSHEGH, A."
2025_Spring_34350,"WU, A."
2025_Spring_37460,"NAN, B."
2025_Spring_05470,"SWARUP, V."
2025_Spring_39943,"XUAN, Y."
2025_Spring_05765,"JHA, N."
2025_Spring_05793,"JHA, N."
2025_Spring_40787,"LINK, R."
2025_Spring_40787,"CONNOLLY, G."
2025_Spring_40793,"LINK, R."
2025_Spring_40793,"TAN, J."
2025_Spring_40799,"LINK, R."
2025_Spring_40799,"DANTIS, J."
2025_Spring_40814,"LINK, R."
2025_Spring_40814,"WANG, M."
2025_Spring_47303,"XIA, J."
2025_Spring_47303,"CHEN, Z."
2025_Spring_70120,"LUI, J."
2025_Spring_70185,"NAPUTI, T."
2025_Spring_47307,"XIA, J."
2025_Spring_47307,"TOMAN, M."
2025_Spring_47320,"BIAN, J."
2025_Spring_47605,"SHIRMAN, Y."
2025_Spring_70575,"MORGAN, P."
2025_Spring_70575,"WEAVER, H."
2025_Spring_70575,"SLATTERY, J."
2025_Spring_70680,"PETROVIC, B."
2025_Spring_50190,"GUNEY, S."
2025_Spring_80656,"ZHANG, D."
2025_Spring_23310,"BARTLETT, J."
2025_Spring_23480,"GRADY, K."
2025_Spring_24035,"BIENDARRA, A."
2025_Spring_24220,"MIMURA, G."
2025_Spring_24290,"SZALAY, M."
2025_Spring_24295,"SHROFF, B."
2025_Spring_13090,"SCHULDT, T."
2025_Spring_35320,"GASSKO, I."
2025_Spring_35320,"CHEN, B."
2025_Spring_35320,"LAKE, G."
2025_Spring_13860,"TANG, W."
2025_Spring_13000,"EARTHMAN, J."
2025_Spring_13000,"SPENCER, J."
2025_Spring_13000,"TO, S."
2025_Spring_12700,"YOUNG, E."
2025_Spring_12705,"YOUNG, E."
2025_Spring_89517,"ZAHEDI, A."
2025_Spring_89517,"MCBANE, S."
2025_Spring_89518,"MCBANE, S."
2025_Spring_89608,"KNOX, E."
2025_Spring_89608,"MCBANE, S."
2025_Spring_89608,"AUGUSTUS, E."
2025_Spring_89609,"KNOX, E."
2025_Spring_89609,"MCBANE, S."
2025_Spring_20032,"WOLFF, B."
2025_Spring_01100,"WELCH, M."
2025_Spring_18053,"LARUE, J."
2025_Spring_01108,"AWAD, S."
2025_Spring_01108,"BULAWSKY, G."
2025_Spring_18054,"COPP, D."
2025_Spring_40020,"HOLTON, A."
2025_Spring_18063,"SHI, X."
2025_Spring_18063,"WALTER, M."
2025_Spring_01256,"MIRA, N."
2025_Spring_01256,"KLEIN, S."
2025_Spring_05460,"SHI, X."
2025_Spring_05460,"TAN, S."
2025_Spring_01292,"LEWIS, J."
2025_Spring_18077,"WALTER, M."
2025_Spring_18077,"SHI, X."
2025_Spring_18079,"HUYNH, J."
2025_Spring_05550,"SULLIVAN, K."
2025_Spring_05550,"JAMES BOND, J."
2025_Spring_05553,"SULLIVAN, K."
2025_Spring_05553,"JAMES BOND, J."
2025_Spring_05562,"AZIZI, E."
2025_Spring_05562,"SULLIVAN, K."
2025_Spring_18377,"DENG, S."
2025_Spring_18377,"WANG, X."
2025_Spring_18378,"DENG, S."
2025_Spring_18378,"WANG, X."
2025_Spring_12105,"GOLDENBERG, B."
2025_Spring_12105,"GASTON-PANTHAK, A."
2025_Spring_12105,"GONZALEZ, G."
2025_Spring_13105,"WANG, X."
2025_Spring_13105,"CHEN, E."
2025_Spring_02150,"REED, C."
2025_Spring_40620,"WEISS, G."
2025_Spring_40392,"EDWARDS, KD."
2025_Spring_40392,"TSAI, J."
2025_Spring_40822,"LINK, R."
2025_Spring_40822,"YOUNG, B."
2025_Spring_40810,"LINK, R."
2025_Spring_40810,"ELVEBAK, T."
2025_Spring_40832,"LINK, R."
2025_Spring_40832,"CHANG, S."
2025_Spring_40906,"YANG, J."
2025_Spring_40906,"KHAN, M."
2025_Spring_47450,"COORAY, A."
2025_Spring_47585,"TAJIMA, T."
2025_Spring_20004,"RUSSELL, V."
2025_Spring_03150,"BRESTOFF, R."
2025_Spring_18300,"GAMERO CASTANO, M."
2025_Spring_18300,STAFF
2025_Spring_20087,"OH, H."
2025_Spring_20082,"KIM, H."
2025_Spring_20083,"SPENCER, P."
2025_Spring_05690,"PRATT, J."
2025_Spring_05690,"KIMURA, A."
2025_Spring_05734,"KADANDALE, P."
2025_Spring_05735,"KADANDALE, P."
2025_Spring_05820,"WILES, T."
2025_Spring_27701,"ZHUANG, J."
2025_Spring_05800,"NICHOLAS, D."
2025_Spring_05800,"LODOEN, M."
2025_Spring_27805,"SIAKEL, D."
2025_Spring_40309,"EDWARDS, KD."
2025_Spring_40309,"RICHTER, B."
2025_Spring_50585,"THANO, S."
2025_Spring_30350,"PEDERNESCHI, A."
2025_Spring_40353,"EDWARDS, KD."
2025_Spring_40353,"CHEN, Z."
2025_Spring_12123,"PEPPLER, K."
2025_Spring_12123,"HAN, S."
2025_Spring_04045,"LINDSAY, E."
2025_Spring_04050,"LINDSAY, E."
2025_Spring_33388,"KIRTON GLOVER, R."
2025_Spring_33388,"QUEEN, B."
2025_Spring_12230,"GATLIN NASH, B."
2025_Spring_12300,"AHN, J."
2025_Spring_35280,"GAGO MASAGUE, S."
2025_Spring_12695,"YOUNG, E."
2025_Spring_37290,"SHAHBABA, B."
2025_Spring_37290,"MEHROTRA, S."
2025_Spring_37290,"SCHETZSLE, B."
2025_Spring_37930,"VAN DER HOEK, A."
2025_Spring_37930,"KLOTZMAN, V."
2025_Spring_13472,"SAHOTA, N."
2025_Spring_38012,"DANIEL, K."
2025_Spring_13550,"JUSIAK, B."
2025_Spring_38111,"FRANKE, N."
2025_Spring_38314,"HERNANDEZ, W."
2025_Spring_38392,"SINHA, A."
2025_Spring_39315,"SCHAU, H."
2025_Spring_28821,"MAZZITELLO, P."
2025_Spring_03026,"BASSHAM, C."
2025_Spring_03026,"CRUZ, H."
2025_Spring_03026,"KANAZAWA, K."
2025_Spring_20220,"HARVEY, S."
2025_Spring_21045,"MASSEY, L."
2025_Spring_22032,"PETERSEN, Y."
2025_Spring_05670,"KING-HENRY, A."
2025_Spring_05670,"HAGBERG, P."
2025_Spring_05640,"BRIGHAM, L."
2025_Spring_05785,"JHA, N."
2025_Spring_61700,"HAGEDORN, J."
2025_Spring_13262,"HARNICK-SHAPIR, B."
2025_Spring_13262,"LASZIK, N."
2025_Spring_35420,"REID, L."
2025_Spring_35420,"CHAKI, A."
2025_Spring_35790,"NICOLAU, A."
2025_Spring_13274,"BACH, S."
2025_Spring_13276,"BACH, S."
2025_Spring_40306,"EDWARDS, KD."
2025_Spring_40306,"GATEWOOD, C."
2025_Spring_40370,"EDWARDS, KD."
2025_Spring_40370,"GOMEZ, H."
2025_Spring_13500,"BRODY, J."
2025_Spring_13500,"AHMADIMEHR, S."
2025_Spring_13500,"FATAPOUR, S."
2025_Spring_40404,"EDWARDS, KD."
2025_Spring_40404,"CRIBBS, C."
2025_Spring_90846,"BUISSON, R."
2025_Spring_90846,"QIAO, F."
2025_Spring_90846,"KESSENBROCK, K."
2025_Spring_13502,"BRODY, J."
2025_Spring_13502,"SAATHOFF, J."
2025_Spring_13502,"CHENG, J."
2025_Spring_13761,"OLABISI, R."
2025_Spring_14490,"WAINWRIGHT, J."
2025_Spring_38119,"CHUK, E."
2025_Spring_05341,"LEE, S."
2025_Spring_05341,"PARSONS, M."
2025_Spring_05341,"LIMBEKAR, S."
2025_Spring_13297,"TATERI, J."
2025_Spring_13297,"LASZIK, N."
2025_Spring_14142,"OLABISI, R."
2025_Spring_14788,"HAYES, R."
2025_Spring_15480,"LANNING, J."
2025_Spring_15480,STAFF
2025_Spring_39559,"SCHWARZ, C."
2025_Spring_16435,"HUANG, S."
2025_Spring_16485,"AGHASI, H."
2025_Spring_17107,"SAFIALLAH, M."
2025_Spring_17107,"HOSSEINISANGCH, S."
2025_Spring_17107,"GREEN, M."
2025_Spring_40373,"EDWARDS, KD."
2025_Spring_40373,"MCTAGUE, J."
2025_Spring_40399,"EDWARDS, KD."
2025_Spring_40399,"ENDERS, J."
2025_Spring_17152,"BURKE, P."
2025_Spring_17150,"SAKR, Y."
2025_Spring_40400,"EDWARDS, KD."
2025_Spring_40400,"CARPENTER, G."
2025_Spring_40800,"LINK, R."
2025_Spring_40800,"IACONELLI, J."
2025_Spring_17340,"HEALEY, G."
2025_Spring_17264,"MCCARTHY, J."
2025_Spring_40824,"LINK, R."
2025_Spring_40824,"UNG, H."
2025_Spring_41023,"DONG, V."
2025_Spring_40908,"YANG, J."
2025_Spring_40908,"GARCIA, J."
2025_Spring_06666,"JUSIAK, B."
2025_Spring_47311,"XIA, J."
2025_Spring_47311,"CLYMER, D."
2025_Spring_21060,"DIMENDBERG, E."
2025_Spring_21700,"CHO, J."
2025_Spring_22220,"BRANSCOME, D."
2025_Spring_03594,"ALCARAZ, L."
2025_Spring_03594,"DURBIN, H."
2025_Spring_22707,"GAMBER, J."
2025_Spring_04160,"UMEZAKI, K."
2025_Spring_23010,"KIM, S."
2025_Spring_04370,"POPE, G."
2025_Spring_04370,"DUARTE MARTINS, J."
2025_Spring_04390,"MITISEK, A."
2025_Spring_04390,"CAVERO, F."
2025_Spring_23075,"SCRUGGS, B."
2025_Spring_23483,"MONTERO ROMAN, V."
2025_Spring_23800,"IZENBERG, O."
2025_Spring_05275,"SATO, B."
2025_Spring_05644,"RANZ, J."
2025_Spring_05644,"KIMURA, A."
2025_Spring_06852,"MUKHERJEE, J."
2025_Spring_33084,"EASON, L."
2025_Spring_33173,"LILLMARS, B."
2025_Spring_09356,"LONG, J."
2025_Spring_33215,"HUANG, I."
2025_Spring_33384,"VARELA, C."
2025_Spring_33387,"JOHNSON, K."
2025_Spring_40786,"LINK, R."
2025_Spring_40786,"SMENTEK, E."
2025_Spring_35670,"NAVARRO, E."
2025_Spring_35670,"WANG, L."
2025_Spring_35670,"SAHA, D."
2025_Spring_13475,"DIMAS, D."
2025_Spring_06696,"KONG, A."
2025_Spring_06944,"SEILER, M."
2025_Spring_07034,"WHITESON, K."
2025_Spring_12030,"OVIATT, J."
2025_Spring_12379,"JOHNSTON, J."
2025_Spring_13819,"KING, C."
2025_Spring_15567,"SAPHORES, J."
2025_Spring_15567,"FUSCOE, P."
2025_Spring_16470,"JAFAR, S."
2025_Spring_17106,"SAFIALLAH, M."
2025_Spring_17106,"HOSSEINISANGCH, S."
2025_Spring_17106,"GREEN, M."
2025_Spring_50230,"HOUSTON, J."
2025_Spring_50250,"HAN, S."
2025_Spring_38190,"KULL, A."
2025_Spring_18375,"DENG, S."
2025_Spring_18375,"WANG, X."
2025_Spring_50260,"WILLIAMS, D."
2025_Spring_18376,"DENG, S."
2025_Spring_18376,"WANG, X."
2025_Spring_02320,"DE SOUZA SANTO, V."
2025_Spring_02320,"LYNCH, M."
2025_Spring_02320,"DIEFENDERFER, D."
2025_Spring_19700,"COPP, S."
2025_Spring_19700,STAFF
2025_Spring_47300,"XIA, J."
2025_Spring_47300,"CLYMER, D."
2025_Spring_26770,"MALCZEWSKI, J."
2025_Spring_23300,"CARROLL, A."
2025_Spring_40817,"LINK, R."
2025_Spring_40817,"CONNOLLY, G."
2025_Spring_28114,"FOGLI, G."
2025_Spring_29314,"LEE, Y."
2025_Spring_31283,"SANDALSKA, Z."
2025_Spring_31257,"MJOLSNESS, L."
2025_Spring_31350,"TORRES MENDEZ, A."
2025_Spring_31350,"TORRES, J."
2025_Spring_31320,"JONES, L."
2025_Spring_31320,"DE LA CRUZ HER, L."
2025_Spring_32430,"TRAN, T."
2025_Spring_33351,"NAMUKASA, G."
2025_Spring_33351,"QUEEN, B."
2025_Spring_33450,"SCHULTZ, R."
2025_Spring_53420,"ESCAMILLA, M."
2025_Spring_37160,"BALDI, B."
2025_Spring_38052,"MURPHY, K."
2025_Spring_38495,"STEVENS, S."
2025_Spring_38555,"KE, J."
2025_Spring_38960,"WONG, F."
2025_Spring_38969,"LUNAWAT, R."
2025_Spring_39102,"HUANG, C."
2025_Spring_39329,"RINDOVA, V."
2025_Spring_39670,"PECHMANN, C."
2025_Spring_39729,"LANE, L."
2025_Spring_39773,"CHOUDHARY, V."
2025_Spring_33379,"GOEPPNER-KALLU, S."
2025_Spring_33383,"RAWN, J."
2025_Spring_33383,"QUEEN, B."
2025_Spring_40200,"ARASASINGHAM, R."
2025_Spring_40344,"EDWARDS, KD."
2025_Spring_40344,"SONG, Y."
2025_Spring_40376,"EDWARDS, KD."
2025_Spring_40376,"LIU, H."
2025_Spring_40379,"EDWARDS, KD."
2025_Spring_40379,"MILHANDER, M."
2025_Spring_40380,"EDWARDS, KD."
2025_Spring_40380,"LIU, H."
2025_Spring_34670,"DEMSKY, B."
2025_Spring_40346,"EDWARDS, KD."
2025_Spring_40346,"SCHIOLDAGER, R."
2025_Spring_33312,"SWEETNAM, J."
2025_Spring_33312,"QUEEN, B."
2025_Spring_33325,"KLARIN, A."
2025_Spring_33325,"QUEEN, B."
2025_Spring_33372,"VENEGAS, Y."
2025_Spring_40912,"YANG, J."
2025_Spring_40912,"VELASQUEZ, S."
2025_Spring_39540,"KULL, A."
2025_Spring_33426,"OLIVER, C."
2025_Spring_33426,"QUEEN, B."
2025_Spring_02155,"JOHNSON, A."
2025_Spring_02280,"DE SOUZA SANTO, V."
2025_Spring_02280,"DIEFENDERFER, D."
2025_Spring_02280,"LYNCH, M."
2025_Spring_02322,"DIEFENDERFER, D."
2025_Spring_02322,"DE SOUZA SANTO, V."
2025_Spring_05347,"LEE, S."
2025_Spring_05347,"PARSONS, M."
2025_Spring_05347,"LEE, K."
2025_Spring_36040,"AHMED, I."
2025_Spring_36040,"DU, H."
2025_Spring_36040,"SUH, H."
2025_Spring_05344,"LEE, S."
2025_Spring_05344,"PARSONS, M."
2025_Spring_05344,"NGUYEN, M."
2025_Spring_06000,"LEON, M."
2025_Spring_06000,"LUR, G."
2025_Spring_06000,"METHERATE, R."
2025_Spring_06892,"PLIKUS, M."
2025_Spring_10580,"BOHLSON, S."
2025_Spring_20138,"WOLFF, B."
2025_Spring_20076,"STERN, H."
2025_Spring_34030,"MAJUMDER, A."
2025_Spring_34030,"DENG, Z."
2025_Spring_34030,"RAHMANSETAYESH, A."
2025_Spring_35330,"GULESSERIAN, S."
2025_Spring_35285,"HAYES, W."
2025_Spring_35440,"ROBERTS, S."
2025_Spring_35440,"LARSON, I."
2025_Spring_35990,"MININ, V."
2025_Spring_37490,"SHAHBABA, B."
2025_Spring_05343,"LEE, S."
2025_Spring_05343,"PARSONS, M."
2025_Spring_05343,"LEE, K."
2025_Spring_05675,"KING-HENRY, A."
2025_Spring_05675,"SUEN, K."
2025_Spring_37540,"RICKS-ODDIE, J."
2025_Spring_05342,"LEE, S."
2025_Spring_05342,"PARSONS, M."
2025_Spring_05342,"MACDONALD, A."
2025_Spring_38098,"CAMPO, M."
2025_Spring_38121,"FLAIZ-WINDHAM, J."
2025_Spring_40884,"KING, S."
2025_Spring_40884,"HASKELL, E."
2025_Spring_32410,"TRAN, T."
2025_Spring_69700,"HIRONAKA, A."
2025_Spring_05760,"JHA, N."
2025_Spring_33352,"HYATT, J."
2025_Spring_13299,"TATERI, J."
2025_Spring_13299,"LASZIK, N."
2025_Spring_52110,"WEISZ ARGOMEDO, D."
2025_Spring_53120,"KIM, J."
2025_Spring_16502,"HAKIMI, A."
2025_Spring_16502,"AGHASI, H."
2025_Spring_28104,"SHORT, G."
2025_Spring_26610,"JEAN-LOUIS, F."
2025_Spring_26870,"SEED, P."
2025_Spring_41970,"RYCHNOVSKY, S."
2025_Spring_29904,"CORWIN, M."
2025_Spring_86650,"WANG, S."
2025_Spring_86650,"TALESH, R."
2025_Spring_29850,"DEPAUL, A."
2025_Spring_62130,"AGGARWAL, N."
2025_Spring_87862,"ARIMOND, J."
2025_Spring_89606,"KNOX, E."
2025_Spring_89606,"MCBANE, S."
2025_Spring_30661,"DONALDSON, B."
2025_Spring_33010,"GEURTS, A."
2025_Spring_33010,"SCHULTZ, R."
2025_Spring_87597,"ROSSO, D."
2025_Spring_33082,"OH, H."
2025_Spring_81065,"LU, Y."
2025_Spring_24899,"MIJALSKI, M."
2025_Spring_28950,"FLORES, R."
2025_Spring_35450,"DENENBERG, D."
2025_Spring_35450,"HUANG, K."
2025_Spring_68701,"CHERNYAK, N."
2025_Spring_68490,"HICKOK, G."
2025_Spring_68490,"CHANG, C."
2025_Spring_68490,"WAN, J."
2025_Spring_88150,"PIKE, N."
2025_Spring_88165,"JUN, A."
2025_Spring_06958,"SIMON, K."
2025_Spring_02435,"REED, C."
2025_Spring_47223,"RITZ, T."
2025_Spring_47223,"BRYAN, E."
2025_Spring_03020,"BASSHAM, C."
2025_Spring_03020,"DAVIDSON, Z."
2025_Spring_03020,"PIZZATTO, M."
2025_Spring_03261,"DELANEY, M."
2025_Spring_04600,"PINTER, G."
2025_Spring_04600,"MIRANDA, N."
2025_Spring_04634,"DESSEN, M."
2025_Spring_04634,"FELTER, C."
2025_Spring_05852,"KADANDALE, P."
2025_Spring_06015,"LEW, A."
2025_Spring_30260,"SAHRANAVARD, N."
2025_Spring_05853,"KADANDALE, P."
2025_Spring_24195,"CANE, E."
2025_Spring_31332,"JONES, L."
2025_Spring_31332,"GOMEZ RODRIGUE, J."
2025_Spring_33335,"CONNOR, B."
2025_Spring_33335,"QUEEN, B."
2025_Spring_33341,"ROWLAND, M."
2025_Spring_33341,"QUEEN, B."
2025_Spring_29312,"HYUN, H."
2025_Spring_30340,"JAMES, A."
2025_Spring_40660,"RYCHNOVSKY, S."
2025_Spring_86790,"FINAZZO, C."
2025_Spring_86790,"TALESH, R."
2025_Spring_40794,"LINK, R."
2025_Spring_40794,"HONARMAND, P."
2025_Spring_40302,"EDWARDS, KD."
2025_Spring_40302,"RICHTER, B."
2025_Spring_40356,"EDWARDS, KD."
2025_Spring_40356,"MCELHENNEY, S."
2025_Spring_40825,"LINK, R."
2025_Spring_40825,"HONARMAND, P."
2025_Spring_40827,"LINK, R."
2025_Spring_40827,"NGUYEN, S."
2025_Spring_03263,"DELGADILLO, E."
2025_Spring_09370,"PAO, K."
2025_Spring_13510,"HUI, E."
2025_Spring_13510,"GEE, K."
2025_Spring_13510,"ZHANG, A."
2025_Spring_17910,"BUSWELL, N."
2025_Spring_17910,"CHOI, N."
2025_Spring_17910,"SAGARE, M."
2025_Spring_17930,"VELEZ CUERVO, C."
2025_Spring_17930,"SANCHEZ, J."
2025_Spring_17930,"HUANG, P."
2025_Spring_05260,"INLAY, M."
2025_Spring_05260,"NICHOLAS, D."
2025_Spring_18057,"COPP, D."
2025_Spring_18057,STAFF
2025_Spring_18065,"MCCARTHY, J."
2025_Spring_35680,"JORDAN, S."
2025_Spring_37190,"ARMSTRONG, D."
2025_Spring_37580,"MININ, V."
2025_Spring_37580,"MOSLEMI, Z."
2025_Spring_37940,"GARCIA, J."
2025_Spring_37940,"HUAI, Y."
2025_Spring_37940,"CHEN, Y."
2025_Spring_39571,"POSTREL, S."
2025_Spring_01296,"LEUNG, S."
2025_Spring_39867,"POURMOHAMMADI, H."
2025_Spring_01414,"LEWIS, J."
2025_Spring_39928,"JORION, P."
2025_Spring_39929,"SHENG, E."
2025_Spring_37920,"BRANHAM, S."
2025_Spring_37920,"YIN, A."
2025_Spring_03120,"GARBER, S."
2025_Spring_03120,"VEENSTRA, J."
2025_Spring_40833,"LINK, R."
2025_Spring_40833,"REED, V."
2025_Spring_40838,"LINK, R."
2025_Spring_40838,"DAGAN, R."
2025_Spring_40895,"SHAKA, A."
2025_Spring_38057,"LEUNG, M."
2025_Spring_38180,"SHENG, J."
2025_Spring_47297,"XIA, J."
2025_Spring_47297,"YAN, J."
2025_Spring_47295,"XIA, J."
2025_Spring_47295,"TOMAN, M."
2025_Spring_05543,"SULLIVAN, K."
2025_Spring_05543,"RANKINS, D."
2025_Spring_05549,"SULLIVAN, K."
2025_Spring_05549,"DANG, A."
2025_Spring_40260,"ARASASINGHAM, R."
2025_Spring_40342,"EDWARDS, KD."
2025_Spring_40342,"RAVENSCROFT, A."
2025_Spring_16528,"CHAKOMA, S."
2025_Spring_16528,"KAVIANPOUR, A."
2025_Spring_06574,"GEHRICKE, J."
2025_Spring_13310,"MOHRAZ, A."
2025_Spring_13310,"OOMEN, P."
2025_Spring_13310,"SHCHERBAKOV, M."
2025_Spring_13580,"PREECE, D."
2025_Spring_13580,"HE, W."
2025_Spring_13580,"PEREZ, N."
2025_Spring_13575,"CHEN, Z."
2025_Spring_38062,"LETOURNEAU, D."
2025_Spring_15400,"DEAN, M."
2025_Spring_15400,"GHORBANI BAM, P."
2025_Spring_15400,"SUBEDI, K."
2025_Spring_40369,"EDWARDS, KD."
2025_Spring_40369,"FRAINEY, N."
2025_Spring_40600,"GRIFFIN, M."
2025_Spring_19305,"WANG, X."
2025_Spring_19305,"SHI, X."
2025_Spring_19379,"FLORES, R."
2025_Spring_19379,"FORREST, K."
2025_Spring_40801,"LINK, R."
2025_Spring_40801,"KOENIG, R."
2025_Spring_19465,"HOO, C."
2025_Spring_19465,"KISAILUS, D."
2025_Spring_40819,"LINK, R."
2025_Spring_40819,"UNG, H."
2025_Spring_40823,"LINK, R."
2025_Spring_40823,"TAN, J."
2025_Spring_05348,"LEE, S."
2025_Spring_05348,"PARSONS, M."
2025_Spring_05348,"BECK, S."
2025_Spring_20095,"LUDWIG, J."
2025_Spring_24280,"SAMARASINGHE, R."
2025_Spring_24870,"MIJALSKI, M."
2025_Spring_24816,"ROSEN, A."
2025_Spring_26560,"LE VINE, M."
2025_Spring_27605,"FROUZESH, S."
2025_Spring_27704,"FOGLI, G."
2025_Spring_40334,"EDWARDS, KD."
2025_Spring_40334,"RICHTER, B."
2025_Spring_34610,"TSUDIK, G."
2025_Spring_33322,"LUDISACA, G."
2025_Spring_47270,"GUERRA, A."
2025_Spring_03025,"BASSHAM, C."
2025_Spring_03025,"PIELSTICK, K."
2025_Spring_03025,"IYORLU, D."
2025_Spring_02085,"GILMOUR, L."
2025_Spring_33310,"SANCHEZ, C."
2025_Spring_33310,"QUEEN, B."
2025_Spring_47308,"XIA, J."
2025_Spring_47308,"TOMAN, M."
2025_Spring_03445,"BASSHAM, C."
2025_Spring_03445,"LOUI, A."
2025_Spring_03445,"THOMPSON, P."
2025_Spring_50514,"SNG, O."
2025_Spring_12475,"RHODES, K."
2025_Spring_50210,"PARKS, V."
2025_Spring_05733,"KADANDALE, P."
2025_Spring_40335,"EDWARDS, KD."
2025_Spring_40335,"SONG, Y."
2025_Spring_87590,"FRANCO, S."
2025_Spring_07050,"XU, X."
2025_Spring_40329,"EDWARDS, KD."
2025_Spring_40329,"PRABHAKAR, P."
2025_Spring_40914,"NOWICK, J."
2025_Spring_17920,"DIMAS, D."
2025_Spring_17920,"ZHANG, Y."
2025_Spring_54050,"GUNEY, S."
2025_Spring_54270,"RODRIGUEZ, N."
2025_Spring_18070,"LARUE, J."
2025_Spring_18070,"RAFIQUE, K."
2025_Spring_18075,"COPP, D."
2025_Spring_26750,"MITCHELL, L."
2025_Spring_29930,"CORWIN, M."
2025_Spring_19712,"DILLON, S."
2025_Spring_35135,"LI, C."
2025_Spring_67320,"SERESERES, C."
2025_Spring_23355,"LEWIS, J."
2025_Spring_23320,"QUEEN, B."
2025_Spring_18345,"PAPAMOSCHOU, D."
2025_Spring_18345,"WALSH, S."
2025_Spring_18995,"JOHNSON, P."
2025_Spring_24210,"PAYTON, P."
2025_Spring_21015,"OSORIO G. SILV, L."
2025_Spring_36110,"PIPER, A."
2025_Spring_87655,"FORREST, K."
2025_Spring_87655,"ROBINSON, D."
2025_Spring_87655,"TARROJA, B."
2025_Spring_71025,"WIE, J."
2025_Spring_64605,"BUI, L."
2025_Spring_64605,"GASVIANI, G."
2025_Spring_64605,"PHIKROHKIT, G."
2025_Spring_64640,"FINLEY, K."
2025_Spring_37110,"ARMSTRONG, D."
2025_Spring_38103,"ASKIN, N."
2025_Spring_38155,"FLAIZ-WINDHAM, J."
2025_Spring_38159,"WELLMEYER, P."
2025_Spring_40440,"MANDELSHTAM, V."
2025_Spring_33248,"SYED, M."
2025_Spring_33248,"QUEEN, B."
2025_Spring_44380,"LEVI, N."
2025_Spring_44850,"CRANSTON, M."
2025_Spring_67080,"NICOLAS, B."
2025_Spring_67080,"BARICUATRO, M."
2025_Spring_05900,"BARRY, R."
2025_Spring_40396,"EDWARDS, KD."
2025_Spring_40396,"KIM, G."
2025_Spring_09357,"LONG, J."
2025_Spring_47224,"RITZ, T."
2025_Spring_47224,"EVANS, A."
2025_Spring_47225,"RITZ, T."
2025_Spring_47225,"EVANS, A."
2025_Spring_47231,"RITZ, T."
2025_Spring_47231,"EVANS, A."
2025_Spring_40808,"LINK, R."
2025_Spring_40808,"DAGAN, R."
2025_Spring_40831,"LINK, R."
2025_Spring_40831,"BALSAMO, J."
2025_Spring_15514,"OLIVARES MARTI, C."
2025_Spring_15514,"MORGAN, L."
2025_Spring_62185,"SWANSON, E."
2025_Spring_64430,"NICOLAS, B."
2025_Spring_62340,"FRANCO, S."
2025_Spring_68100,"HAGEDORN, J."
2025_Spring_68260,"LEWIS, J."
2025_Spring_68290,"NG, C."
2025_Spring_80620,"ZHANG, D."
2025_Spring_80660,"MILAM, J."
2025_Spring_40388,"EDWARDS, KD."
2025_Spring_40388,"KIM, G."
2025_Spring_86580,"VAN GINKEL, S."
2025_Spring_86580,"TALESH, R."
2025_Spring_17110,"KALANTARI, N."
2025_Spring_17385,"JAFAR, S."
2025_Spring_17395,"WANG, Z."
2025_Spring_20139,"KARKAFI, L."
2025_Spring_28120,"BROADBENT, P."
2025_Spring_28120,"ALEXANDER, J."
2025_Spring_27602,"BUHANAN, K."
2025_Spring_22808,"CARROLL, A."
2025_Spring_86030,"BOONE, A."
2025_Spring_86030,"FRUM, T."
2025_Spring_86030,"GASTELLO, F."
2025_Spring_04480,"MESSOLORAS, I."
2025_Spring_06095,"HARVEY, R."
2025_Spring_31316,"JONES, L."
2025_Spring_31316,"VASQUEZ, J."
2025_Spring_31319,"JONES, L."
2025_Spring_31319,"DE PALMA, F."
2025_Spring_33018,"OSBORN, M."
2025_Spring_33018,"SCHULTZ, R."
2025_Spring_33038,"COMERCI, J."
2025_Spring_33038,"SCHULTZ, R."
2025_Spring_87594,"COORAY, A."
2025_Spring_06498,"DALEY, M."
2025_Spring_33334,"MCCUNE, L."
2025_Spring_33331,"PATTERSON, L."
2025_Spring_36000,"MANNAN, U."
2025_Spring_17085,"OVEISI, M."
2025_Spring_17085,"HEYDARI, P."
2025_Spring_16615,"LI, Z."
2025_Spring_50264,"RINEHART, J."
2025_Spring_28886,"SHEMEK, D."
2025_Spring_28920,"NAGAI, A."
2025_Spring_28861,"DI MAIO, F."
2025_Spring_28862,"DI MAIO, F."
2025_Spring_38016,"DREZNER, Z."
2025_Spring_38038,"LUNAWAT, R."
2025_Spring_38290,"XUAN, Y."
2025_Spring_38448,"CHAO, M."
2025_Spring_38226,"LETOURNEAU, D."
2025_Spring_39948,"RICHEY, T."
2025_Spring_39964,"SHENG, J."
2025_Spring_40812,"LINK, R."
2025_Spring_40812,"ZHANG, Y."
2025_Spring_40816,"LINK, R."
2025_Spring_40816,"SMENTEK, E."
2025_Spring_09346,"ALLISON, S."
2025_Spring_05379,"EOM, D."
2025_Spring_11500,"MAHLER, S."
2025_Spring_11500,"BEIER, K."
2025_Spring_11500,"FORTIN, N."
2025_Spring_19410,"DILLON, S."
2025_Spring_19410,STAFF
2025_Spring_19400,"SONG, Q."
2025_Spring_92706,"SHI, Y."
2025_Spring_92706,"BYUN, M."
2025_Spring_92706,"BAKER, N."
2025_Spring_26520,"MCLOUGHLIN, N."
2025_Spring_12710,"YUNG, S."
2025_Spring_21120,"ROBEY, E."
2025_Spring_18950,"SIDERIS, A."
2025_Spring_18950,STAFF
2025_Spring_06110,"BARRY, R."
2025_Spring_16410,"ELFAR, M."
2025_Spring_24919,"AYOUTI, T."
2025_Spring_34270,"SHINDLER, M."
2025_Spring_25165,"LONG, M."
2025_Spring_25165,"JEONG, B."
2025_Spring_23810,"SZALAY, M."
2025_Spring_31220,"MCKENNA, J."
2025_Spring_31237,"DONALDSON, B."
2025_Spring_33307,"WARD, H."
2025_Spring_33375,"PRICE, D."
2025_Spring_33301,"LERNER, S."
2025_Spring_15520,"REZAEI, N."
2025_Spring_15520,STAFF
2025_Spring_15495,"LEMNITZER, A."
2025_Spring_15495,STAFF
2025_Spring_20079,"STERN, H."
2025_Spring_33083,"GERACI, J."
2025_Spring_17135,"BOYRAZ, O."
2025_Spring_19000,"TAHA, H."
2025_Spring_19028,"CAO, P."
2025_Spring_19028,STAFF
2025_Spring_41687,"VANDERWAL, C."
2025_Spring_26730,"DARYAEE, T."
2025_Spring_04046,"LINDSAY, E."
2025_Spring_18390,"WALTER, M."
2025_Spring_18390,STAFF
2025_Spring_30662,"HEIS, J."
2025_Spring_18880,"RIMOLI, J."
2025_Spring_19050,"MCDONELL, V."
2025_Spring_19050,STAFF
2025_Spring_38000,"WILLIAMS, T."
2025_Spring_38000,"ARUNDEL, P."
2025_Spring_21490,"CHAHINIAN, T."
2025_Spring_24260,"GUTIERREZ, A."
2025_Spring_25132,"SCHEPER, J."
2025_Spring_27601,"LANDE, S."
2025_Spring_34280,"GOODRICH, M."
2025_Spring_34280,"GILA, O."
2025_Spring_34280,"SRIDHAR, V."
2025_Spring_35103,"BALDI, P."
2025_Spring_37400,"YU, Z."
2025_Spring_40341,"EDWARDS, KD."
2025_Spring_40341,"RICHTER, B."
2025_Spring_40331,"EDWARDS, KD."
2025_Spring_40331,"BAGHDADI, E."
2025_Spring_40337,"EDWARDS, KD."
2025_Spring_40337,"BADOLIAN, C."
2025_Spring_40909,"YANG, J."
2025_Spring_40909,"STOFAN, J."
2025_Spring_40920,"BLUM, S."
2025_Spring_26910,"MILLER, R."
2025_Spring_50262,"CHEN, C."
2025_Spring_54420,"TABAK, N."
2025_Spring_18076,"RANGEL, R."
2025_Spring_54185,"SPEZZAFERRI, M."
2025_Spring_54300,"KLEMFUSS, J."
2025_Spring_18350,"KULINSKY, L."
2025_Spring_18350,"YAN, S."
2025_Spring_18350,"ALI POUR, P."
2025_Spring_18600,"MCCARTHY, J."
2025_Spring_18600,"ZETINA, G."
2025_Spring_50270,"REYES, A."
2025_Spring_50080,"WEISZ ARGOMEDO, D."
2025_Spring_39869,"DANIEL, K."
2025_Spring_39875,"MURPHY, K."
2025_Spring_39876,"GHAHESTANI BOJ, B."
2025_Spring_53100,"PLATT, L."
2025_Spring_53133,"GARRISON, J."
2025_Spring_40490,"ARDO, S."
2025_Spring_40490,"JIMENEZ, M."
2025_Spring_60100,"GOLDBERG, R."
2025_Spring_87627,"MARTIN, T."
2025_Spring_87627,"CHEN, B."
2025_Spring_87627,"STEINKUEHLER, C."
2025_Spring_13250,"HONG, P."
2025_Spring_13250,"LASZIK, N."
2025_Spring_17420,"HEYDARI, P."
2025_Spring_39877,"GHAHESTANI BOJ, B."
2025_Spring_41170,"SHAKA, A."
2025_Spring_53400,"PLATT, L."
2025_Spring_61075,"ROSAS, A."
2025_Spring_34650,"LEVORATO, M."
2025_Spring_34680,"BOZORGZADEH, E."
2025_Spring_34680,"WU, S."
2025_Spring_34680,"KANG, S."
2025_Spring_18270,"HASSAAN, S."
2025_Spring_18270,"ANAND, K."
2025_Spring_18270,"ABDELRAZEK, A."
2025_Spring_18881,"DUNN-RANKIN, D."
2025_Spring_18881,"CHIEN, Y."
2025_Spring_20078,"LEVIN, K."
2025_Spring_20131,"RUGGIERO, G."
2025_Spring_23440,"MATTHEWS, R."
2025_Spring_23455,"HENDERSON, A."
2025_Spring_18059,"RANGEL, R."
2025_Spring_18059,STAFF
2025_Spring_18064,"MCCARTHY, J."
2025_Spring_18064,STAFF
2025_Spring_13650,"BREWER, G."
2025_Spring_13650,"NENADIC, Z."
2025_Spring_13650,"BISWAS, P."
2025_Spring_12732,"RESENDEZ, J."
2025_Spring_13670,"KING, C."
2025_Spring_13690,"KING, C."
2025_Spring_13690,"JUHASZ, T."
2025_Spring_13690,"LUO, J."
2025_Spring_16525,"BAGHERKHANI, S."
2025_Spring_16525,"KAVIANPOUR, A."
2025_Spring_28822,"ROSSI, B."
2025_Spring_29310,"LEE, Y."
2025_Spring_30645,"O'CONNELL, R."
2025_Spring_38050,"GAO, Z."
2025_Spring_39541,"GRANTHAM, K."
2025_Spring_39926,"JORION, P."
2025_Spring_39936,"SHERLOCK, T."
2025_Spring_16560,"KWON, H."
2025_Spring_05965,"WHITESON, K."
2025_Spring_06001,"LEON, M."
2025_Spring_06001,"LUR, G."
2025_Spring_06001,"METHERATE, R."
2025_Spring_18891,"LARUE, J."
2025_Spring_14717,"ZENYUK, I."
2025_Spring_22440,"SNYDER, R."
2025_Spring_22813,"DIMENDBERG, E."
2025_Spring_18360,"VOLOSHINA, A."
2025_Spring_18360,"PATEL, K."
2025_Spring_03238,"DELANEY, M."
2025_Spring_25611,"WEAVER, J."
2025_Spring_03195,"DELANEY, M."
2025_Spring_03240,"DELANEY, M."
2025_Spring_24165,"HATCH, K."
2025_Spring_33030,"KIM, J."
2025_Spring_33030,"SCHULTZ, R."
2025_Spring_27802,"SIAKEL, D."
2025_Spring_27804,"BERGHOF, A."
2025_Spring_27809,"GARCEAU, B."
2025_Spring_26162,"LIN, J."
2025_Spring_44858,"SALES, M."
2025_Spring_04100,"BAUER, A."
2025_Spring_22810,"LONG, M."
2025_Spring_22810,"JEONG, B."
2025_Spring_26640,"NATH, N."
2025_Spring_33174,"LILLMARS, B."
2025_Spring_19755,"APELIAN, D."
2025_Spring_17345,"VAISBAND, B."
2025_Spring_35270,"RANDRUP, N."
2025_Spring_23020,"CHOI, C."
2025_Spring_23835,"SZALAY, M."
2025_Spring_24205,"DAULATZAI, S."
2025_Spring_24140,"SODERMAN, A."
2025_Spring_19045,"MCCARTHY, J."
2025_Spring_05329,"LEE, S."
2025_Spring_42020,"MARTINY, A."
2025_Spring_31314,"JONES, L."
2025_Spring_31314,"RIVERA DIAZ, M."
2025_Spring_31314,"VASQUEZ, J."
2025_Spring_33246,"ELLIS, T."
2025_Spring_33247,"ELLIS, T."
2025_Spring_33315,"YACONO, C."
2025_Spring_44005,"ZHANG, Y."
2025_Spring_33326,"READ, M."
2025_Spring_33316,"NIEMAN, J."
2025_Spring_33317,"NIEMAN, J."
2025_Spring_33323,"BACCHUS, H."
2025_Spring_33365,"LEE, J."
2025_Spring_44560,"SIMONSON, D."
2025_Spring_34300,"KOENIG, S."
2025_Spring_34300,"SAGAR, D."
2025_Spring_34300,"COHEN, N."
2025_Spring_40347,"EDWARDS, KD."
2025_Spring_40347,"PRABHAKAR, P."
2025_Spring_31312,"JONES, L."
2025_Spring_31312,"SANCHEZ-CANO, M."
2025_Spring_31334,"JONES, L."
2025_Spring_31334,"YANEZ, L."
2025_Spring_33158,"ENG, W."
2025_Spring_33014,"SON, S."
2025_Spring_33014,"SCHULTZ, R."
2025_Spring_34660,"VENKATASUBRAMA, N."
2025_Spring_34660,"LI, Y."
2025_Spring_35159,"ZHANG, J."
2025_Spring_35350,"YEH, T."
2025_Spring_67370,"KAMINSKI, M."
2025_Spring_81070,"BIC, Z."
2025_Spring_68220,"TORABIAN ESFAH, S."
2025_Spring_69470,"VICTORIA TORRE, P."
2025_Spring_24003,"PAN, D."
2025_Spring_24003,STAFF
2025_Spring_25130,"MUDIWA, R."
2025_Spring_27806,"ROSE, R."
2025_Spring_28103,"FROUZESH, S."
2025_Spring_86750,"VILLALOBOS, J."
2025_Spring_86750,"TALESH, R."
2025_Spring_27700,"RUBERG, B."
2025_Spring_27700,"ALEXANDER, J."
2025_Spring_27607,"SYNYCIA, N."
2025_Spring_28127,"CASTILLO, L."
2025_Spring_33032,"LIBERMAN, H."
2025_Spring_33032,"SCHULTZ, R."
2025_Spring_33165,"PEREZ, V."
2025_Spring_33166,"PEREZ, V."
2025_Spring_33355,"ZIFF, J."
2025_Spring_33357,"WINIARSKI, C."
2025_Spring_33361,"MORRELL, I."
2025_Spring_33361,"QUEEN, B."
2025_Spring_70970,"PETROVIC, B."
2025_Spring_34640,"FOWLKES, C."
2025_Spring_34640,"XU, P."
2025_Spring_81060,"LU, Y."
2025_Spring_81082,"BOUSHEY, G."
2025_Spring_40792,"LINK, R."
2025_Spring_40792,"REED, V."
2025_Spring_81090,"PAYAN, D."
2025_Spring_40900,"EDWARDS, KD."
2025_Spring_40806,"LINK, R."
2025_Spring_40806,"LUKOVIC, V."
2025_Spring_40818,"LINK, R."
2025_Spring_40818,"MATT, L."
2025_Spring_40820,"LINK, R."
2025_Spring_40820,"TANG, D."
2025_Spring_81210,"CHATTERJEE, S."
2025_Spring_44608,"HE, C."
2025_Spring_53130,"GIBSON, S."
2025_Spring_87641,"MARTIN, T."
2025_Spring_87641,"PACE, L."
2025_Spring_61900,"SABERI, K."
2025_Spring_67362,"HARDT, H."
2025_Spring_70340,"SCAVIO, M."
2025_Spring_81415,"DOUGLAS, J."
2025_Spring_81005,"WASHBURN, K."
2025_Spring_81005,"GIDEONSE, T."
2025_Spring_18605,"MCDONELL, V."
2025_Spring_18605,STAFF
2025_Spring_23005,"HUANG, M."
2025_Spring_69150,"GOLDBERG, R."
2025_Spring_29330,"LEE, H."
2025_Spring_29350,"LEE, H."
2025_Spring_33348,"HANSON-KEGERRE, S."
2025_Spring_86510,"VAN GINKEL, S."
2025_Spring_86510,"TALESH, R."
2025_Spring_30650,"DONALDSON, B."
2025_Spring_70230,"DEVOY, J."
2025_Spring_05200,"LUO, R."
2025_Spring_05200,"TSAI, S."
2025_Spring_89509,"JOHANNESMEYER, H."
2025_Spring_05349,"LEE, S."
2025_Spring_05349,"PARSONS, M."
2025_Spring_05349,"BECK, S."
2025_Spring_69510,"ZOELLER, C."
2025_Spring_69510,"MAGANA GAMERO, M."
2025_Spring_05552,"SULLIVAN, K."
2025_Spring_05552,"HOOD, N."
2025_Spring_86730,"HARVEY, R."
2025_Spring_86730,"TALESH, R."
2025_Spring_87642,"MARTIN, T."
2025_Spring_87642,"LE, R."
2025_Spring_87642,"BERNECKER, S."
2025_Spring_87643,"MARTIN, T."
2025_Spring_87643,"LE, V."
2025_Spring_87643,"MORGAN, C."
2025_Spring_06020,"NICHOLAS, A."
2025_Spring_52140,"LAVENANT, C."
2025_Spring_33227,"DEARBORN, E."
2025_Spring_33227,"QUEEN, B."
2025_Spring_29900,"SIEGEL, B."
2025_Spring_05545,"SULLIVAN, K."
2025_Spring_05551,"SULLIVAN, K."
2025_Spring_05551,"MERLINO, L."
2025_Spring_47175,"SIWY, Z."
2025_Spring_47175,"LIU, Y."
2025_Spring_38055,"LAM, C."
2025_Spring_38064,"YIN, H."
2025_Spring_38074,"SHARMA, P."
2025_Spring_38895,"WILK, L."
2025_Spring_38895,"ADMIN, M."
2025_Spring_06922,"ROSE, M."
2025_Spring_06938,"SCHECHTMAN, E."
2025_Spring_40319,"EDWARDS, KD."
2025_Spring_40319,"MANICKAM, D."
2025_Spring_40374,"EDWARDS, KD."
2025_Spring_40374,"NGUYEN, V."
2025_Spring_40385,"EDWARDS, KD."
2025_Spring_40385,"GEORGE, N."
2025_Spring_10481,"KONG, M."
2025_Spring_10481,"RAZORENOVA, O."
2025_Spring_87601,"BILLIMEK, J."
2025_Spring_12080,"GUERRERO ROSAD, P."
2025_Spring_12094,"CARLO, R."
2025_Spring_26530,"EDWARDS, R."
2025_Spring_13525,"OOMEN, P."
2025_Spring_18722,"KIA, S."
2025_Spring_27604,"SYNYCIA, N."
2025_Spring_50180,"ATTAWAY, A."
2025_Spring_17105,"SAFIALLAH, M."
2025_Spring_17105,"HOSSEINISANGCH, S."
2025_Spring_17105,"GREEN, M."
2025_Spring_21530,"KIM, C."
2025_Spring_17470,"CAO, H."
2025_Spring_13545,"LIU, W."
2025_Spring_13545,"URRUTIA AVILA, A."
2025_Spring_13545,"ZALAZAR, D."
2025_Spring_33256,"WELLS, E."
2025_Spring_38196,"KNIAZEVA, M."
2025_Spring_41150,"SHAKA, A."
2025_Spring_41490,"MANG, S."
2025_Spring_41490,"PRESCHER, J."
2025_Spring_23400,"BARTLETT, J."
2025_Spring_23410,"HELFER, R."
2025_Spring_23520,"SZALAY, M."
2025_Spring_88155,"JUN, A."
2025_Spring_71702,"VALDEZ, A."
2025_Spring_15217,"SAKR, Y."
2025_Spring_69100,"WOSICK, K."
2025_Spring_69100,"AREF, N."
2025_Spring_69100,"ROSENGREN-HOVE, E."
2025_Spring_18080,"KIA, S."
2025_Spring_50254,"PAPPAS, L."
2025_Spring_19475,"VALDEVIT, L."
2025_Spring_19475,STAFF
2025_Spring_86770,"VAN GINKEL, S."
2025_Spring_86770,"TALESH, R."
2025_Spring_26680,"BARON-BLOCH, R."
2025_Spring_87591,"WHITESON, K."
2025_Spring_26760,"GRIFFEY, T."
2025_Spring_67330,"LYNCH, C."
2025_Spring_26740,"LE VINE, M."
2025_Spring_26820,"DUNCAN, R."
2025_Spring_86780,"LOPEZ, N."
2025_Spring_86780,"TALESH, R."
2025_Spring_87600,"KIA, S."
2025_Spring_18400,"COPP, D."
2025_Spring_18400,STAFF
2025_Spring_87605,"AHMED, I."
2025_Spring_87635,"MARTIN, T."
2025_Spring_87635,"BOCANEGRA JUAR, N."
2025_Spring_27801,"MORSE, S."
2025_Spring_87628,"MARTIN, T."
2025_Spring_87628,"PRATHIGUDUPU, A."
2025_Spring_87628,"BERG, B."
2025_Spring_87644,"MARTIN, T."
2025_Spring_87644,"CHANDRAMOULI, S."
2025_Spring_87644,"IHLER, A."
2025_Spring_12200,"FAY, L."
2025_Spring_12200,"KWUN, N."
2025_Spring_31505,"AVILES, L."
2025_Spring_33438,"WEINBERG, D."
2025_Spring_33080,"SIMS, R."
2025_Spring_33328,"SCHULTE, J."
2025_Spring_33329,"SCHULTE, J."
2025_Spring_33336,"BELL, K."
2025_Spring_33353,"BARTHOLOMEW, I."
2025_Spring_33353,"QUEEN, B."
2025_Spring_34380,"ZHANG, J."
2025_Spring_34380,"DE LA QUINTANA, U."
2025_Spring_38432,"HITE, J."
2025_Spring_44830,"FOREMAN, M."
2025_Spring_44892,"LUDWIG, J."
2025_Spring_47250,"OCHOA RICOUX, J."
2025_Spring_24814,"MALANDAIN, J."
2025_Spring_47291,"XIA, J."
2025_Spring_47645,"FRANKENTHAL, A."
2025_Spring_64130,"KIAZOLU, Y."
2025_Spring_01272,"OLIVER, D."
2025_Spring_60196,"STRAUGHN, I."
2025_Spring_41500,"PRONIN, S."
2025_Spring_42135,"MACKEY, K."
2025_Spring_44927,"HUBER, K."
2025_Spring_44878,"SMITH, L."
2025_Spring_47304,"XIA, J."
2025_Spring_47304,"YAN, J."
2025_Spring_26630,"TINSMAN, H."
2025_Spring_67310,"SOLINGEN, E."
2025_Spring_67310,"KU, J."
2025_Spring_38567,"JOSEPH, J."
2025_Spring_38567,"SHARMA, P."
2025_Spring_47195,"SIWY, Z."
2025_Spring_47195,"ZHAO, L."
2025_Spring_20041,"DU, Q."
2025_Spring_20460,"WILLOUGHBY-HER, T."
2025_Spring_62600,"MILANI, F."
2025_Spring_61710,"HAGEDORN, J."
2025_Spring_28112,"HALEY, B."
2025_Spring_31200,"GHANBARPOUR, C."
2025_Spring_31525,"MAHIEUX, V."
2025_Spring_33100,"HAAS, L."
2025_Spring_33224,"MARIANI, L."
2025_Spring_36180,"JAMBHEKAR, S."
2025_Spring_36180,"LEFEVRE, C."
2025_Spring_37170,"MORROW, S."
2025_Spring_65070,"PENA, E."
2025_Spring_65070,"LAM, J."
2025_Spring_66150,"LEE, J."
2025_Spring_68221,"BECK, J."
2025_Spring_68221,"TORABIAN ESFAH, S."
2025_Spring_01066,"AWAD, S."
2025_Spring_01066,"BULAWSKY, G."
2025_Spring_01200,"MORENO, S."
2025_Spring_20192,"KARKAFI, L."
2025_Spring_21000,"WINTHER TAMAKI, B."
2025_Spring_20090,"STRIEDTER, A."
2025_Spring_20093,"LUDWIG, J."
2025_Spring_21770,"QUINTANA, I."
2025_Spring_23070,"SCRUGGS, B."
2025_Spring_44270,"YOUSSEFPOUR, H."
2025_Spring_26810,"DUNCAN, R."
2025_Spring_26920,"IGLER, D."
2025_Spring_28101,"BERGHOF, O."
2025_Spring_34040,"LOPES, C."
2025_Spring_28420,"GAMBER, J."
2025_Spring_28866,"MAZZITELLO, P."
2025_Spring_28903,"SITHIAMNUAI, E."
2025_Spring_47502,"SANCHEZ, J."
2025_Spring_47502,"CHENG, C."
2025_Spring_47503,"SANCHEZ, J."
2025_Spring_47503,"CHENG, C."
2025_Spring_33012,"PAYNE, L."
2025_Spring_33012,"SCHULTZ, R."
2025_Spring_33168,"CHAVEZ, D."
2025_Spring_33399,"ADIOHA, C."
2025_Spring_33399,"QUEEN, B."
2025_Spring_47504,"SANCHEZ, J."
2025_Spring_47504,"BOKKA, A."
2025_Spring_47505,"SANCHEZ, J."
2025_Spring_47505,"BAI, D."
2025_Spring_35128,"IMANI, M."
2025_Spring_35240,"SUDDERTH, E."
2025_Spring_35630,"GASSKO, I."
2025_Spring_35630,"TRIFAN, O."
2025_Spring_35630,"RAI, A."
2025_Spring_35690,"YEH, T."
2025_Spring_37140,"BALDI, B."
2025_Spring_37480,"SAHA, A."
2025_Spring_38968,"KRUEGER, M."
2025_Spring_38648,"YOUNG, M."
2025_Spring_38975,"WERTH, A."
2025_Spring_40305,"EDWARDS, KD."
2025_Spring_40305,"NGUYEN, V."
2025_Spring_40332,"EDWARDS, KD."
2025_Spring_40332,"SCHIOLDAGER, R."
2025_Spring_47548,"ROBERTSON, P."
2025_Spring_41621,"DONG, V."
2025_Spring_42065,"FERGUSON, J."
2025_Spring_42130,"VELICOGNA, I."
2025_Spring_44550,"SIMONSON, D."
2025_Spring_45535,"ALLARD, J."
2025_Spring_47079,"COOPER, M."
2025_Spring_47079,"KYRIAZI, E."
2025_Spring_47081,"COOPER, M."
2025_Spring_47081,"KYRIAZI, E."
2025_Spring_44580,"DONALDSON, N."
2025_Spring_47309,"XIA, J."
2025_Spring_47309,"TOMAN, M."
2025_Spring_50252,"VALDIVIA ORDOR, C."
2025_Spring_86050,"BOONE, A."
2025_Spring_86050,"FRUM, T."
2025_Spring_86050,"GASTELLO, F."
2025_Spring_62120,"AOUAD, M."
2025_Spring_68420,"BORNSTEIN, A."
2025_Spring_69490,"SCHUSTER, T."
2025_Spring_69500,"VEGA, I."
2025_Spring_69500,"SADRI, H."
2025_Spring_69500,"CASTORENA, A."
2025_Spring_70550,"BUI, L."
2025_Spring_70550,"GASVIANI, G."
2025_Spring_70550,"PHIKROHKIT, G."
2025_Spring_86570,"LOVE, T."
2025_Spring_86570,"TALESH, R."
2025_Spring_86640,"WANG, S."
2025_Spring_86640,"TALESH, R."
2025_Spring_87919,"YEH, T."
2025_Spring_87919,"ALFARO, S."
2025_Spring_87923,"FERGUSON, J."
2025_Spring_87923,"SIWY, Z."
2025_Spring_87816,"ARIMOND, J."
2025_Spring_87950,"BUSWELL, N."
2025_Spring_87950,"KING, C."
2025_Spring_88102,"BOUNDS, D."
2025_Spring_17115,"ESFANDYARPOUR, R."
2025_Spring_17140,"EBRAHIMI, P."
2025_Spring_17151,"DANG, Q."
2025_Spring_01312,"MORENO, S."
2025_Spring_01376,"OLIVER, D."
2025_Spring_01830,"TERRICCIANO, A."
2025_Spring_02205,"DIEFENDERFER, D."
2025_Spring_02300,"DE SOUZA SANTO, V."
2025_Spring_02300,"LYNCH, M."
2025_Spring_02300,"DIEFENDERFER, D."
2025_Spring_05854,"KADANDALE, P."
2025_Spring_05855,"KADANDALE, P."
2025_Spring_06012,"LEW, A."
2025_Spring_06012,"BOUTROS, J."
2025_Spring_06025,"FOWLER, C."
2025_Spring_06025,"MAHLER, S."
2025_Spring_06025,"WOOD, M."
2025_Spring_09349,"YURKO, M."
2025_Spring_09349,"HONG, H."
2025_Spring_09366,"KIMBALL, S."
2025_Spring_09366,"KING-HENRY, A."
2025_Spring_26705,"BIENDARRA, A."
2025_Spring_26830,"LANDE, S."
2025_Spring_13285,"FORESTA, J."
2025_Spring_13285,"LASZIK, N."
2025_Spring_13266,"HARNICK-SHAPIR, B."
2025_Spring_13266,"LASZIK, N."
2025_Spring_17950,"COPP, D."
2025_Spring_17950,"RAJKUMAR, V."
2025_Spring_44804,"WAN, D."
2025_Spring_37740,"LOPES, C."
2025_Spring_37520,"YU, Z."
2025_Spring_22720,"JOHNSON, A."
2025_Spring_23350,"STEINTRAGER, J."
2025_Spring_23350,"LEE, C."
2025_Spring_23360,"SHAPERO, N."
2025_Spring_22861,"MALABOU, C."
2025_Spring_39552,"BOURGEOIS, D."
2025_Spring_44827,"FOREMAN, M."
2025_Spring_28129,"GARCEAU, B."
2025_Spring_30395,"WEHMEIER, K."
2025_Spring_33431,"COLLINS, R."
2025_Spring_40391,"EDWARDS, KD."
2025_Spring_40391,"ENDERS, J."
2025_Spring_33252,"MCBURNIE-NICOL, P."
2025_Spring_05530,"MCHENRY, M."
2025_Spring_05530,"SANCHEZ SORIAN, J."
2025_Spring_05530,"BORRUSO, S."
2025_Spring_33257,"WELLS, E."
2025_Spring_17153,"GARRISON, E."
2025_Spring_33163,"SMITH-NEWMAN, J."
2025_Spring_33385,"WAY, J."
2025_Spring_33396,"CHIENG, C."
2025_Spring_42736,"MACKEY, K."
2025_Spring_47310,"XIA, J."
2025_Spring_47310,"CLYMER, D."
2025_Spring_02030,"SHARP, K."
2025_Spring_28115,"STEWART, R."
2025_Spring_33217,"ABOLAIL, S."
2025_Spring_62450,"MALKOVA, O."
2025_Spring_35850,"STEINKUEHLER, C."
2025_Spring_35850,"BARATTA, T."
2025_Spring_35850,"O'LEARY, R."
2025_Spring_38070,"HUANG, L."
2025_Spring_38026,"WONG, F."
2025_Spring_38061,"WOOLWORTH, T."
2025_Spring_33232,"MCCLURE, G."
2025_Spring_33233,"MCCLURE, G."
2025_Spring_39976,"RICHEY, T."
2025_Spring_40240,"SHELDON, M."
2025_Spring_40338,"EDWARDS, KD."
2025_Spring_40338,"MCELHENNEY, S."
2025_Spring_40359,"EDWARDS, KD."
2025_Spring_40359,"RAVENSCROFT, A."
2025_Spring_40393,"EDWARDS, KD."
2025_Spring_40393,"RAFFMAN, E."
2025_Spring_40394,"EDWARDS, KD."
2025_Spring_40394,"RAFFMAN, E."
2025_Spring_40829,"LINK, R."
2025_Spring_40829,"DANTIS, J."
2025_Spring_40834,"LINK, R."
2025_Spring_40834,"LEDESMA, M."
2025_Spring_41881,"SIM, S."
2025_Spring_45510,"LI, S."
2025_Spring_40395,"EDWARDS, KD."
2025_Spring_40395,"NGUYEN, K."
2025_Spring_40398,"EDWARDS, KD."
2025_Spring_40398,"CARPENTER, G."
2025_Spring_22250,"BRANSCOME, D."
2025_Spring_65495,"MIS, B."
2025_Spring_44280,"CHIU, S."
2025_Spring_03060,"FROEHLICH, M."
2025_Spring_18082,"RIMOLI, J."
2025_Spring_19161,"WON, Y."
2025_Spring_19161,STAFF
2025_Spring_33087,"EASON, K."
2025_Spring_67040,"OLSON, K."
2025_Spring_40364,"EDWARDS, KD."
2025_Spring_40364,"GATEWOOD, C."
2025_Spring_33319,"GARCIA, D."
2025_Spring_33343,"HUANG, C."
2025_Spring_33343,"QUEEN, B."
2025_Spring_40401,"EDWARDS, KD."
2025_Spring_40401,"ZENG, J."
2025_Spring_47301,"XIA, J."
2025_Spring_47301,"CLYMER, D."
2025_Spring_33344,"SMILEY, B."
2025_Spring_33344,"QUEEN, B."
2025_Spring_40397,"EDWARDS, KD."
2025_Spring_40397,"PALACIOS DIAZ, T."
2025_Spring_13355,"CAO, H."
2025_Spring_13355,"VELEZ CUERVO, C."
2025_Spring_33391,"SZUBA, R."
2025_Spring_33391,"QUEEN, B."
2025_Spring_33327,"WILLIAMS, I."
2025_Spring_33327,"QUEEN, B."
2025_Spring_13504,"BRODY, J."
2025_Spring_13504,"LEAKS, K."
2025_Spring_13504,"HUANG, C."
2025_Spring_33167,"CHAVEZ, D."
2025_Spring_89207,"TRADER, D."
2025_Spring_89207,"SJOGREN, B."
2025_Spring_89207,"MICALIZIO, G."
2025_Spring_34160,"VENKATASUBRAMA, N."
2025_Spring_34160,"LI, K."
2025_Spring_34160,"AGRAWAL, K."
2025_Spring_87633,"MARTIN, T."
2025_Spring_87633,"AMIDON, L."
2025_Spring_33036,"BUCZINSKY, Z."
2025_Spring_33036,"SCHULTZ, R."
2025_Spring_05541,"SULLIVAN, K."
2025_Spring_47660,"JAUREGUI PARED, L."
2025_Spring_47660,STAFF
2025_Spring_89002,"AVALON, N."
2025_Spring_89002,"VINOGRADSKY, S."
2025_Spring_36350,"BIETZ, M."
2025_Spring_40350,"EDWARDS, KD."
2025_Spring_40350,"MA, E."
2025_Spring_68117,"SABERI, K."
2025_Spring_23060,"SUH, S."
2025_Spring_18315,"PADAK, B."
2025_Spring_18315,"BASKERVILLE-BR, Z."
2025_Spring_12462,"GUARINO, J."
2025_Spring_33368,"MATHUR, D."
2025_Spring_33368,"QUEEN, B."
2025_Spring_14570,"ARDONA, H."
2025_Spring_33398,"AGUDO, L."
2025_Spring_33398,"QUEEN, B."
2025_Spring_52190,"JENKINS, M."
2025_Spring_52190,"RISING, F."
2025_Spring_05030,"METHERATE, R."
2025_Spring_44809,"DAVIS, M."
2025_Spring_35720,"MOSHIRPOUR, M."
2025_Spring_40317,"EDWARDS, KD."
2025_Spring_40317,"CHAO, D."
2025_Spring_33243,"TADA, A."
2025_Spring_33243,"QUEEN, B."
2025_Spring_34100,"LI, Z."
2025_Spring_40403,"EDWARDS, KD."
2025_Spring_40403,"CRIBBS, C."
2025_Spring_54260,"CARLO, R."
2025_Spring_26540,"CHEN, Y."
2025_Spring_16515,"KAVIANPOUR, A."
2025_Spring_60080,"LOWMAN, C."
2025_Spring_33263,"KMETZ-CUTRONE, J."
2025_Spring_33263,"QUEEN, B."
2025_Spring_40377,"EDWARDS, KD."
2025_Spring_40377,"KORBANKA, L."
2025_Spring_40798,"LINK, R."
2025_Spring_40798,"LUKOVIC, V."
2025_Spring_38701,"FRUMAN, D."
2025_Spring_38701,"GARG, R."
2025_Spring_12110,"JOHNSTON, J."
2025_Spring_40355,"EDWARDS, KD."
2025_Spring_40355,"CHAO, D."
2025_Spring_33207,"WILLIAMSON, A."
2025_Spring_33207,"QUEEN, B."
2025_Spring_33320,"ALFAILAKAWI, D."
2025_Spring_05544,"SULLIVAN, K."
2025_Spring_05544,"RANKINS, D."
2025_Spring_33367,"LOPEZ, R."
2025_Spring_33367,"QUEEN, B."
2025_Spring_33373,"VENEGAS, Y."
2025_Spring_33420,"JEFFRIES, C."
2025_Spring_33420,"QUEEN, B."
2025_Spring_35860,"SHINDLER, M."
2025_Spring_35860,STAFF
2025_Spring_33423,"CIBULA, P."
2025_Spring_33432,"HAAS, L."
2025_Spring_36150,"LOPES, C."
2025_Spring_36650,"EPSTEIN, D."
2025_Spring_36650,"LI, W."
2025_Spring_36650,"YANG, Z."
2025_Spring_36660,"BIETZ, M."
2025_Spring_36660,"DENNIN, K."
2025_Spring_36660,STAFF
2025_Spring_36230,"PEPPLER, K."
2025_Spring_36230,"HAN, S."
2025_Spring_18380,"WALTER, M."
2025_Spring_18380,"COPP, D."
2025_Spring_18380,"HASSAAN, S."
2025_Spring_33164,"SMITH-NEWMAN, J."
2025_Spring_20196,"LIN, J."
2025_Spring_05892,"MCNULTY, R."
2025_Spring_26660,"BORUCKI, A."
2025_Spring_40813,"LINK, R."
2025_Spring_40813,"BLACKBURN, B."
2025_Spring_40836,"LINK, R."
2025_Spring_40836,"DUFFIN, C."
2025_Spring_36250,"ZHENG, K."
2025_Spring_36250,"CHO, H."
2025_Spring_40803,"LINK, R."
2025_Spring_40803,"IACONELLI, J."
2025_Spring_18083,"COPP, D."
2025_Spring_18083,"HUYNH, J."
2025_Spring_03070,"VEENSTRA, J."
2025_Spring_03070,"MALONEY, D."
2025_Spring_64515,"PETROVIC, B."
2025_Spring_38639,"POURMOHAMMADI, H."
2025_Spring_35740,"THORNTON, A."
2025_Spring_35745,"THORNTON, A."
2025_Spring_36130,"JAMBHEKAR, S."
2025_Spring_36130,"ILANGO, S."
2025_Spring_36130,"CHOU, Y."
2025_Spring_33270,"SHANK, D."
2025_Spring_01322,"OLIVER, D."
2025_Spring_69560,"SCHUSTER, T."
2025_Spring_69560,"HUANG, Y."
2025_Spring_02199,"MACIAS, E."
2025_Spring_04294,"HAMMEL, S."
2025_Spring_04294,"BUSTAMANTE, G."
2025_Spring_03010,"BASSHAM, C."
2025_Spring_03010,"CASTILLO, L."
2025_Spring_03010,"STIEL, J."
2025_Spring_03046,"MUNRO, I."
2025_Spring_03046,"MICHALOPOULOU, V."
2025_Spring_03040,"MUNRO, I."
2025_Spring_03040,"FATHI RASGANI, D."
2025_Spring_04550,"KOO, S."
2025_Spring_04550,"HUANG, C."
2025_Spring_03063,"DELGADILLO, E."
2025_Spring_03063,"BOLANDBAKHT, R."
2025_Spring_03064,"DELGADILLO, E."
2025_Spring_03064,"XIONG, J."
2025_Spring_03067,"HOOKER, M."
2025_Spring_03067,"FALCON, M."
2025_Spring_06148,"YASSA, M."
2025_Spring_03110,"GARBER, S."
2025_Spring_03110,"VEENSTRA, J."
2025_Spring_03115,"GARBER, S."
2025_Spring_03115,"VEENSTRA, J."
2025_Spring_03125,"GARBER, S."
2025_Spring_03125,"VEENSTRA, J."
2025_Spring_03140,"SHAW, C."
2025_Spring_03230,"DELANEY, M."
2025_Spring_04278,"OMOUMI, H."
2025_Spring_07071,"ZENG, F."
2025_Spring_08756,"LANDER, A."
2025_Spring_08756,"CINQUIN, O."
2025_Spring_47294,"XIA, J."
2025_Spring_47294,"YAN, J."
2025_Spring_13254,"HONG, P."
2025_Spring_13254,"LASZIK, N."
2025_Spring_13258,"HONG, P."
2025_Spring_13258,"LASZIK, N."
2025_Spring_33321,"GOLDMAN, M."
2025_Spring_33332,"ATKIN, K."
2025_Spring_33333,"ATKIN, K."
2025_Spring_14775,"SASMAZ, E."
2025_Spring_33358,"WINIARSKI, C."
2025_Spring_33359,"BAJAJ, A."
2025_Spring_15555,"LANNING, J."
2025_Spring_15555,"KIM, D."
2025_Spring_16529,"BAGHERKHANI, S."
2025_Spring_16529,"KAVIANPOUR, A."
2025_Spring_16527,"CHAKOMA, S."
2025_Spring_16527,"KAVIANPOUR, A."
2025_Spring_17125,"KHODAGHOLY, D."
2025_Spring_05755,"JHA, N."
2025_Spring_20024,"QURESHI, A."
2025_Spring_20080,"LEVIN, K."
2025_Spring_45526,"HEZARI, H."
2025_Spring_45528,"MA, A."
2025_Spring_45856,"WOLFSON, J."
2025_Spring_47069,"COOPER, M."
2025_Spring_47069,"REYNAGA GONZAL, C."
2025_Spring_65490,"SCONTRAS, G."
2025_Spring_67115,"SMITH, C."
2025_Spring_81053,"ZHENG, K."
2025_Spring_81053,"CHO, H."
2025_Spring_89023,"KEMP, J."
2025_Spring_89023,"GU, Y."
2025_Spring_47120,"HO, W."
2025_Spring_04274,"NORFLEET, D."
2025_Spring_04274,"RICHARDSON, D."
2025_Spring_04274,"GEORGE-BROWN, O."
2025_Spring_47240,"BARWICK, S."
2025_Spring_54150,"BORELLI, J."
2025_Spring_62010,"SARRAF, G."
2025_Spring_64625,"PAINTER, F."
2025_Spring_20127,"NAM, V."
2025_Spring_28100,"FAN, C."
2025_Spring_28100,"ALEXANDER, J."
2025_Spring_23430,"MATTHEWS, R."
2025_Spring_28123,"SIAKEL, D."
2025_Spring_28823,"VITTORI, G."
2025_Spring_52080,"FLORES, Y."
2025_Spring_40828,"LINK, R."
2025_Spring_40828,"BALSAMO, J."
2025_Spring_39542,"THOMAS, K."
2025_Spring_39551,"BOURGEOIS, D."
2025_Spring_39560,"SCHWARZ, C."
2025_Spring_39561,"SCHWARZ, C."
2025_Spring_39580,"HERNANDEZ, W."
2025_Spring_39595,"BEENEN, G."
2025_Spring_81008,"SIMON, L."
2025_Spring_81008,"BIC, Z."
2025_Spring_81012,"VO, K."
2025_Spring_81012,"FAN, W."
2025_Spring_81052,"CHEN, Y."
2025_Spring_81052,"JUNG, K."
2025_Spring_69570,"PENNER, A."
2025_Spring_88145,"AU, S."
2025_Spring_88223,"THOMAS, C."
2025_Spring_89010,"PLON, L."
2025_Spring_89010,"DING, Y."
2025_Spring_02380,"JOHNSON, A."
2025_Spring_40303,"EDWARDS, KD."
2025_Spring_40303,"CHEN, Z."
2025_Spring_40312,"EDWARDS, KD."
2025_Spring_40312,"BAGHDADI, E."
2025_Spring_40313,"EDWARDS, KD."
2025_Spring_40313,"MA, E."
2025_Spring_27608,"BARBERA, S."
2025_Spring_27807,"GARCEAU, B."
2025_Spring_02404,"HALL, C."
2025_Spring_40328,"EDWARDS, KD."
2025_Spring_40328,"CHEN, J."
2025_Spring_29902,"HAYASAKI, E."
2025_Spring_45195,"CERRAHOGLU, V."
2025_Spring_33313,"GULLABA, A."
2025_Spring_33314,"GULLABA, A."
2025_Spring_40365,"EDWARDS, KD."
2025_Spring_40365,"TUNDLAM, A."
2025_Spring_69720,"SCHOFER, E."
2025_Spring_65060,"WEHMEIER, K."
2025_Spring_02660,"CARTAGENA, A."
2025_Spring_40378,"EDWARDS, KD."
2025_Spring_40378,"MANRIQUEZ, E."
2025_Spring_40367,"EDWARDS, KD."
2025_Spring_40367,"GEORGE, N."
2025_Spring_24285,"CHEN, J."
2025_Spring_40383,"EDWARDS, KD."
2025_Spring_40383,"KORBANKA, L."
2025_Spring_13092,"SCHULDT, T."
2025_Spring_17060,"AL JUFOUT, S."
2025_Spring_26600,"JEAN-LOUIS, F."
2025_Spring_34140,"DEMSKY, B."
2025_Spring_40804,"LINK, R."
2025_Spring_40804,"DUFFIN, C."
2025_Spring_40805,"LINK, R."
2025_Spring_40805,"JACKSON, E."
2025_Spring_40815,"LINK, R."
2025_Spring_40815,"KAPP, A."
2025_Spring_01032,"MASTER, J."
2025_Spring_01032,"DAVYDOV, M."
2025_Spring_01032,"KITSLIS, S."
2025_Spring_02110,"WRAY, S."
2025_Spring_02394,"REED, C."
2025_Spring_03242,"DELANEY, M."
2025_Spring_03242,STAFF
2025_Spring_35124,"HARRIS, I."
2025_Spring_35640,"ZHANG, J."
2025_Spring_33395,"LEOPOLD, J."
2025_Spring_33389,"TESFALIDET, M."
2025_Spring_33389,"QUEEN, B."
2025_Spring_33390,"VITIELLO, J."
2025_Spring_33390,"QUEEN, B."
2025_Spring_39355,"ASKIN, N."
2025_Spring_36070,"NGUYEN, D."
2025_Spring_38590,"WONG, F."
2025_Spring_38618,"TYAGI, R."
2025_Spring_40316,"EDWARDS, KD."
2025_Spring_40316,"ZENG, J."
2025_Spring_33392,"REIMER, J."
2025_Spring_33392,"QUEEN, B."
2025_Spring_33436,"SEWARD, S."
2025_Spring_35770,"KLEFSTAD, R."
2025_Spring_35770,"ASAD, S."
2025_Spring_35770,"SUN, W."
2025_Spring_35870,"ALFARO, S."
2025_Spring_28902,"SITHIAMNUAI, E."
2025_Spring_47545,"CASPER, D."
2025_Spring_87640,"MARTIN, T."
2025_Spring_87640,"DAMONTI, J."
2025_Spring_87640,"GOLOB, B."
2025_Spring_24865,"MOURAD, G."
2025_Spring_47087,"COOPER, M."
2025_Spring_47087,"LEVINSTEIN, D."
2025_Spring_47298,"XIA, J."
2025_Spring_47298,"YAN, J."
2025_Spring_40220,"LAW, M."
2025_Spring_52070,"BERK, H."
2025_Spring_52100,"RODRIGUEZ, N."
2025_Spring_52120,"DAVIS, F."
2025_Spring_52198,"COUTIN, S."
2025_Spring_40640,"KING, S."
2025_Spring_53190,"FARMER, S."
2025_Spring_44310,"DU, H."
2025_Spring_45070,"KAPLAN, N."
2025_Spring_45200,"PANTANO, A."
2025_Spring_53050,"MATTHEW, R."
2025_Spring_47161,"SIWY, Z."
2025_Spring_47161,"NI, D."
2025_Spring_47200,"XIN, H."
2025_Spring_03145,"KUBIAK, A."
2025_Spring_53070,"KUMAR, M."
2025_Spring_26720,"CERETI, C."
2025_Spring_38195,"WOOLWORTH, T."
2025_Spring_38297,"WU, J."
2025_Spring_02430,"CRAWFORD, J."
2025_Spring_02490,"LYNCH, M."
2025_Spring_40797,"LINK, R."
2025_Spring_40797,"NGUYEN, S."
2025_Spring_60040,"EGAN, J."
2025_Spring_35780,"KLEFSTAD, R."
2025_Spring_35780,"TRAN, V."
2025_Spring_35780,"BARON, N."
2025_Spring_67085,"SADIQ, K."
2025_Spring_67460,"BILAKOVICS, S."
2025_Spring_67460,"GARG, M."
2025_Spring_34230,"JUN, S."
2025_Spring_33374,"DUMAS, D."
2025_Spring_33374,"PRICE, D."
2025_Spring_62620,"JELIAZKOV, I."
2025_Spring_67465,"BILAKOVICS, S."
2025_Spring_33206,"BURKE, F."
2025_Spring_33206,"QUEEN, B."
2025_Spring_33225,"CHEN, S."
2025_Spring_44340,"CHIU, S."
2025_Spring_33244,"MAHESH, V."
2025_Spring_33244,"QUEEN, B."
2025_Spring_35900,"DENENBERG, D."
2025_Spring_33229,"TRAN, X."
2025_Spring_33229,"QUEEN, B."
2025_Spring_33230,"KING, B."
2025_Spring_01420,"BORNSTEIN, J."
2025_Spring_53305,"DUGAN, J."
2025_Spring_60180,"LOWMAN, C."
2025_Spring_60180,"TEBBE, M."
2025_Spring_70110,"LUI, J."
2025_Spring_47189,"SIWY, Z."
2025_Spring_47189,"NI, D."
2025_Spring_69540,"KIM, J."
2025_Spring_70130,"LUI, J."
2025_Spring_70365,"DEWAN, W."
2025_Spring_87934,"WILLIAMS, A."
2025_Spring_62085,"AOUAD, M."
2025_Spring_12438,"PEPPLER, K."
2025_Spring_17410,"SMEDLEY, K."
2025_Spring_20310,"CARTER, J."
2025_Spring_38499,"KE, J."
2025_Spring_39774,"PECHMANN, C."
2025_Spring_37100,"ARMSTRONG, D."
2025_Spring_37100,"MAGANA-RAMIREZ, C."
2025_Spring_20141,"RUGGIERO, G."
2025_Spring_31318,"JONES, L."
2025_Spring_31318,"ALVAREZ ZANZA, N."
2025_Spring_31365,"SEFAMI, J."
2025_Spring_41401,"WEISS, G."
2025_Spring_41401,"MANG, S."
2025_Spring_37200,"GULESSERIAN, S."
2025_Spring_65170,"PEARL, L."
2025_Spring_65185,"HICKOK, G."
2025_Spring_65185,"CHANG, C."
2025_Spring_65185,"WAN, J."
2025_Spring_67225,"BRUNSTETTER, D."
2025_Spring_67360,"HARDT, H."
2025_Spring_67365,"GLEBOV, S."
2025_Spring_37260,"CAI, H."
2025_Spring_70555,"FINLEY, K."
2025_Spring_70555,"D'ANGELO, E."
2025_Spring_89001,"PLON, L."
2025_Spring_89001,"VINOGRADSKY, S."
2025_Spring_05150,"GREEN, K."
2025_Spring_05150,"THOMPSON, L."
2025_Spring_05150,"BUSCIGLIO, J."
2025_Spring_05346,"LEE, S."
2025_Spring_05346,"PARSONS, M."
2025_Spring_05346,"LIMBEKAR, S."
2025_Spring_05370,"PLIKUS, M."
2025_Spring_06010,"LEW, A."
2025_Spring_06010,"NGO, M."
2025_Spring_28110,"RUBERG, B."
2025_Spring_28110,"ALEXANDER, J."
2025_Spring_23420,"KING, B."
2025_Spring_23472,"MATTHEWS, R."
2025_Spring_35620,"TOMLINSON, W."
2025_Spring_35620,"KIM, S."
2025_Spring_35620,"GRACE, T."
2025_Spring_39839,"TYAGI, R."
2025_Spring_39866,"BALASUBRAMANIA, S."
2025_Spring_36050,"ZIV, H."
2025_Spring_47171,"SIWY, Z."
2025_Spring_47171,"NI, D."
2025_Spring_18068,"WANG, Y."
2025_Spring_18068,"WANG, X."
2025_Spring_18069,"CAO, P."
2025_Spring_18069,"VOLOSHINA, A."
2025_Spring_18069,"MCCARTHY, J."
2025_Spring_38585,"BROMILEY, P."
2025_Spring_40375,"EDWARDS, KD."
2025_Spring_40375,"BADOLIAN, C."
2025_Spring_40349,"EDWARDS, KD."
2025_Spring_40349,"TUNDLAM, A."
2025_Spring_40363,"EDWARDS, KD."
2025_Spring_40363,"CHEN, J."
2025_Spring_04660,"SCOLNIK, N."
2025_Spring_01134,"PILLER, A."
2025_Spring_01134,"SCHLEYER, B."
2025_Spring_06382,"BARAM, T.Z."
2025_Spring_17160,"DANG, Q."
2025_Spring_17160,"ATALAR, A."
2025_Spring_16545,"DANG, Q."
2025_Spring_33302,"LERNER, S."
2025_Spring_33349,"HALL, L."
2025_Spring_33349,"QUEEN, B."
2025_Spring_34620,"CHEN, Q."
2025_Spring_47293,"XIA, J."
2025_Spring_47293,"YAN, J."
2025_Spring_81002,"FARMER, S."
2025_Spring_81480,"VIEIRA, V."
2025_Spring_89022,"KEMP, J."
2025_Spring_89022,"PIERCE, S."
2025_Spring_24866,"KLEIN, L."
2025_Spring_24943,"AYOUTI, T."
2025_Spring_28837,"PETRY, P."
2025_Spring_33214,"O'REILLY, B."
2025_Spring_40781,"LINK, R."
2025_Spring_40781,"XU, S."
2025_Spring_62125,"MILANI, F."
2025_Spring_69545,"SU, Y."
2025_Spring_88225,"BURKE, S."
2025_Spring_89004,"ALBRECHT, L."
2025_Spring_89004,"DUAN, S."
2025_Spring_47179,"SIWY, Z."
2025_Spring_47179,"ZHAO, L."
2025_Spring_47193,"SIWY, Z."
2025_Spring_47193,"ZHAO, L."
2025_Spring_47222,"RITZ, T."
2025_Spring_47222,"BRYAN, E."
2025_Spring_47226,"RITZ, T."
2025_Spring_47226,"EVANS, A."
2025_Spring_47185,"SIWY, Z."
2025_Spring_47185,"LIU, Y."
2025_Spring_40788,"LINK, R."
2025_Spring_40788,"MATT, L."
2025_Spring_40782,"LINK, R."
2025_Spring_40782,"ZHANG, Y."
2025_Spring_40783,"LINK, R."
2025_Spring_40783,"BLACKBURN, B."
2025_Spring_05345,"LEE, S."
2025_Spring_05345,"PARSONS, M."
2025_Spring_05345,"NGUYEN, M."
2025_Spring_05450,"WILLIAMS, A."
2025_Spring_40789,"LINK, R."
2025_Spring_40789,"KOENIG, R."
2025_Spring_12373,"GOLDENBERG, B."
2025_Spring_40802,"LINK, R."
2025_Spring_40802,"CHANG, S."
2025_Spring_40809,"LINK, R."
2025_Spring_40809,"LEDESMA, M."
2025_Spring_40795,"LINK, R."
2025_Spring_40795,"ELVEBAK, T."
2025_Spring_40796,"LINK, R."
2025_Spring_40796,"PODGURSKI, M."
2025_Spring_47228,"RITZ, T."
2025_Spring_47228,"BRYAN, E."
2025_Spring_06362,"AKBARI, Y."
2025_Spring_40910,"YANG, J."
2025_Spring_40910,"NGUYEN, B."
2025_Spring_06364,"AKBARI, Y."
2025_Spring_86010,"BOONE, A."
2025_Spring_86010,"GROOM, C."
2025_Spring_86010,"GASTELLO, F."
2025_Spring_86310,"MALLEN, M."
2025_Spring_87639,"MARTIN, T."
2025_Spring_87639,"NGUYEN, B."
2025_Spring_87817,"ARIMOND, J."
2025_Spring_87818,"ARIMOND, J."
2025_Spring_92600,"BORRELLI, E."
2025_Spring_33434,"SEWARD, S."
2025_Spring_33439,"COLLINS, R."
2025_Spring_33429,"WOOD, R."
2025_Spring_25110,"MUDIWA, R."
2025_Spring_69300,"ZOELLER, C."
2025_Spring_69300,"MCKENZIE, L."
2025_Spring_61780,"BORNSTEIN, A."
2025_Spring_61840,"HICKOK, G."
2025_Spring_64020,"WHITT, S."
2025_Spring_64020,"DELGADO LAUREN, M."
2025_Spring_68070,"DITTO, P."
2025_Spring_68270,"LEWIS, J."
2025_Spring_68273,"MARTIN, E."
2025_Spring_81274,"OGUNSEITAN, O."
2025_Spring_88175,"HILL, K."
2025_Spring_87668,"LEI, D."
2025_Spring_06614,"HEAD, E."
2025_Spring_12097,"CARLO, R."
2025_Spring_47230,"RITZ, T."
2025_Spring_47230,"EVANS, A."
2025_Spring_47292,"XIA, J."
2025_Spring_47292,"CHEN, Z."
2025_Spring_03256,"BASSHAM, C."
2025_Spring_03258,"BORBA, A."
2025_Spring_05000,"KADANDALE, P."
2025_Spring_05565,"BRACKEN, M."
2025_Spring_05565,"SORTE, C."
2025_Spring_05565,"BESHAI, R."
2025_Spring_05645,"AGUILAR-ROCA, N."
2025_Spring_05645,"HONG, H."
2025_Spring_05731,"KADANDALE, P."
2025_Spring_89020,"KEMP, J."
2025_Spring_89020,"BARHOOSH, A."
2025_Spring_12715,"YUNG, S."
2025_Spring_12731,"HERSHBERGER, T."
2025_Spring_14520,"WANG, S."
2025_Spring_14520,"WANG, L."
2025_Spring_14530,"HAMID, O."
2025_Spring_14530,"DEVALLA, V."
2025_Spring_16480,"SHEN, Y."
2025_Spring_52280,"COLE, S."
2025_Spring_52300,"RODRIGUEZ, N."
2025_Spring_61740,"VANDEKERCKHOVE, J."
2025_Spring_26670,"FEDMAN, D."
2025_Spring_31256,"MJOLSNESS, L."
